"X","module","Gene.stable.ID","corr","Gene.name","tf_member","member"
1,"brown4","ENSGALG00000039982",-0.000541332450241435,"IRF5","brown4_ENSGALG00000039982","no"
2,"magenta","ENSGALG00000039982",-0.00878396037120916,"IRF5","magenta_ENSGALG00000039982","no"
3,"brown4","ENSGALG00000040060",-0.0488536870333904,"NRF1","brown4_ENSGALG00000040060","no"
4,"magenta","ENSGALG00000040060",-0.025548088870263,"NRF1","magenta_ENSGALG00000040060","no"
5,"brown4","ENSGALG00000029270",0.0115287700173303,"GATA3","brown4_ENSGALG00000029270","no"
6,"magenta","ENSGALG00000029270",-0.0112367830406725,"GATA3","magenta_ENSGALG00000029270","no"
7,"brown4","ENSGALG00000030844",0.0579313095002225,"DMTF1","brown4_ENSGALG00000030844","no"
8,"magenta","ENSGALG00000030844",0.00758220955110949,"DMTF1","magenta_ENSGALG00000030844","no"
9,"brown4","ENSGALG00000008249",0.0104095159524656,"DNAJC2","brown4_ENSGALG00000008249","no"
10,"magenta","ENSGALG00000008249",0.100774889060795,"DNAJC2","magenta_ENSGALG00000008249","no"
11,"brown4","ENSGALG00000008050",-0.0459154524297436,"HBP1","brown4_ENSGALG00000008050","no"
12,"magenta","ENSGALG00000008050",-0.0325369756404003,"HBP1","magenta_ENSGALG00000008050","no"
13,"brown4","ENSGALG00000038981",0.0191809447602538,"CBLL1","brown4_ENSGALG00000038981","no"
14,"magenta","ENSGALG00000038981",0.00935991297009564,"CBLL1","magenta_ENSGALG00000038981","no"
15,"brown4","ENSGALG00000032659",0.00234344981677948,"ZBED4","brown4_ENSGALG00000032659","no"
16,"magenta","ENSGALG00000032659",-0.0204109991601177,"ZBED4","magenta_ENSGALG00000032659","no"
17,"brown4","ENSGALG00000033997",0.0581082356945404,"ZNF800","brown4_ENSGALG00000033997","no"
18,"magenta","ENSGALG00000033997",0.0280251900780117,"ZNF800","magenta_ENSGALG00000033997","no"
19,"brown4","ENSGALG00000040557",-0.0176976377422989,"TFEC","brown4_ENSGALG00000040557","no"
20,"magenta","ENSGALG00000040557",-0.00611927923785018,"TFEC","magenta_ENSGALG00000040557","no"
21,"brown4","ENSGALG00000009424",0.144856703283639,"FOXP2","brown4_ENSGALG00000009424","no"
22,"magenta","ENSGALG00000009424",0.140199169052875,"FOXP2","magenta_ENSGALG00000009424","no"
23,"brown4","ENSGALG00000009454",0.0265513741596922,"ZNF277","brown4_ENSGALG00000009454","no"
24,"magenta","ENSGALG00000009454",0.0138020761218986,"ZNF277","magenta_ENSGALG00000009454","no"
25,"brown4","ENSGALG00000009494",0.0756637054729226,"THAP5","brown4_ENSGALG00000009494","no"
26,"magenta","ENSGALG00000009494",-0.000340524931193204,"THAP5","magenta_ENSGALG00000009494","no"
27,"brown4","ENSGALG00000009604",-0.395259808127312,"DBX2","brown4_ENSGALG00000009604","no"
28,"magenta","ENSGALG00000009604",-0.281299512341697,"DBX2","magenta_ENSGALG00000009604","no"
29,"brown4","ENSGALG00000033074",0.0364804810388542,"ARID2","brown4_ENSGALG00000033074","no"
30,"magenta","ENSGALG00000033074",-0.00937844106995472,"ARID2","magenta_ENSGALG00000033074","no"
31,"brown4","ENSGALG00000009875",-0.220471940142561,"HMGA2","brown4_ENSGALG00000009875","no"
32,"magenta","ENSGALG00000009875",-0.132972660497036,"HMGA2","magenta_ENSGALG00000009875","no"
33,"brown4","ENSGALG00000029135",0.0339872956692013,"YEATS4","brown4_ENSGALG00000029135","no"
34,"magenta","ENSGALG00000029135",0.0342740730620009,"YEATS4","magenta_ENSGALG00000029135","no"
35,"brown4","ENSGALG00000019352",0.0071348279206434,"ENSGALG00000019352","brown4_ENSGALG00000019352","no"
36,"magenta","ENSGALG00000019352",-0.0107446537975876,"ENSGALG00000019352","magenta_ENSGALG00000019352","no"
37,"brown4","ENSGALG00000031340",-0.0211501241717894,"E2F7","brown4_ENSGALG00000031340","no"
38,"magenta","ENSGALG00000031340",0.000867612466948556,"E2F7","magenta_ENSGALG00000031340","no"
39,"brown4","ENSGALG00000010320",0.281478166557746,"PAWR","brown4_ENSGALG00000010320","no"
40,"magenta","ENSGALG00000010320",0.415476441484712,"PAWR","magenta_ENSGALG00000010320","yes"
41,"brown4","ENSGALG00000010936",-0.0215210775492076,"MYF6","brown4_ENSGALG00000010936","no"
42,"magenta","ENSGALG00000010936",-0.0199588122418016,"MYF6","magenta_ENSGALG00000010936","no"
43,"brown4","ENSGALG00000028091",-0.00202607004048107,"MYF5","brown4_ENSGALG00000028091","no"
44,"magenta","ENSGALG00000028091",0.00689790280102213,"MYF5","magenta_ENSGALG00000028091","no"
45,"brown4","ENSGALG00000027213",-0.00533662839867954,"ALX1","brown4_ENSGALG00000027213","no"
46,"magenta","ENSGALG00000027213",-0.00273560073016693,"ALX1","magenta_ENSGALG00000027213","no"
47,"brown4","ENSGALG00000011327",-0.00923625834527507,"NR2C1","brown4_ENSGALG00000011327","no"
48,"magenta","ENSGALG00000011327",0.00560306045171255,"NR2C1","magenta_ENSGALG00000011327","no"
49,"brown4","ENSGALG00000043701",-0.0445299629639647,"ELK3","brown4_ENSGALG00000043701","no"
50,"magenta","ENSGALG00000043701",0.0466309388168246,"ELK3","magenta_ENSGALG00000043701","no"
51,"brown4","ENSGALG00000011594",-0.0056639146023488,"NR1H4","brown4_ENSGALG00000011594","no"
52,"magenta","ENSGALG00000011594",-0.00577894783611342,"NR1H4","magenta_ENSGALG00000011594","no"
53,"brown4","ENSGALG00000041687",-0.0563888005597475,"SREBF2","brown4_ENSGALG00000041687","no"
54,"magenta","ENSGALG00000041687",-0.059420051643887,"SREBF2","magenta_ENSGALG00000041687","no"
55,"brown4","ENSGALG00000030101",0.231665084515638,"CSDC2","brown4_ENSGALG00000030101","no"
56,"magenta","ENSGALG00000030101",0.237490419316277,"CSDC2","magenta_ENSGALG00000030101","no"
57,"brown4","ENSGALG00000011958",0.0247393917708192,"TEF","brown4_ENSGALG00000011958","no"
58,"magenta","ENSGALG00000011958",-0.00093851164573493,"TEF","magenta_ENSGALG00000011958","no"
59,"brown4","ENSGALG00000011992",0.00853012014920817,"EP300","brown4_ENSGALG00000011992","no"
60,"magenta","ENSGALG00000011992",-0.000576432330287595,"EP300","magenta_ENSGALG00000011992","no"
61,"brown4","ENSGALG00000012135",-0.0078032063748976,"ATF4","brown4_ENSGALG00000012135","no"
62,"magenta","ENSGALG00000012135",0.059616098814705,"ATF4","magenta_ENSGALG00000012135","no"
63,"brown4","ENSGALG00000012277",-0.0290646010504727,"MAFF","brown4_ENSGALG00000012277","no"
64,"magenta","ENSGALG00000012277",-0.0149115606192742,"MAFF","magenta_ENSGALG00000012277","no"
65,"brown4","ENSGALG00000012290",-0.437576550062637,"SOX10","brown4_ENSGALG00000012290","no"
66,"magenta","ENSGALG00000012290",-0.274694194631138,"SOX10","magenta_ENSGALG00000012290","no"
67,"brown4","ENSGALG00000044768",0.0117579722025331,"ENSGALG00000044768","brown4_ENSGALG00000044768","no"
68,"magenta","ENSGALG00000044768",0.00493059619370186,"ENSGALG00000044768","magenta_ENSGALG00000044768","no"
69,"brown4","ENSGALG00000012619",0.0392975288734997,"PRDM4","brown4_ENSGALG00000012619","no"
70,"magenta","ENSGALG00000012619",0.011193547725997,"PRDM4","magenta_ENSGALG00000012619","no"
71,"brown4","ENSGALG00000012647",0.252407411891966,"RFX4","brown4_ENSGALG00000012647","no"
72,"magenta","ENSGALG00000012647",0.406543950455759,"RFX4","magenta_ENSGALG00000012647","no"
73,"brown4","ENSGALG00000041193",0.0478678962820479,"NFYB","brown4_ENSGALG00000041193","no"
74,"magenta","ENSGALG00000041193",0.0216264840829534,"NFYB","magenta_ENSGALG00000041193","no"
75,"brown4","ENSGALG00000037082",-0.163871221726918,"ASCL1","brown4_ENSGALG00000037082","no"
76,"magenta","ENSGALG00000037082",-0.0920524243766546,"ASCL1","magenta_ENSGALG00000037082","no"
77,"brown4","ENSGALG00000054799",0.0169786926994586,"SPIC","brown4_ENSGALG00000054799","no"
78,"magenta","ENSGALG00000054799",0.0146284300611117,"SPIC","magenta_ENSGALG00000054799","no"
79,"brown4","ENSGALG00000046187",-0.0341184525099073,"PARP12","brown4_ENSGALG00000046187","no"
80,"magenta","ENSGALG00000046187",-0.0226207934923089,"PARP12","magenta_ENSGALG00000046187","no"
81,"brown4","ENSGALG00000012796",0.0844623687472451,"KIAA1549","brown4_ENSGALG00000012796","no"
82,"magenta","ENSGALG00000012796",-0.0648635377334654,"KIAA1549","magenta_ENSGALG00000012796","no"
83,"brown4","ENSGALG00000012877",-0.187541930429847,"CREB3L2","brown4_ENSGALG00000012877","no"
84,"magenta","ENSGALG00000012877",-0.0808937052356517,"CREB3L2","magenta_ENSGALG00000012877","no"
85,"brown4","ENSGALG00000012986",0.0534715725600769,"KDM5A","brown4_ENSGALG00000012986","no"
86,"magenta","ENSGALG00000012986",0.0428834974563603,"KDM5A","magenta_ENSGALG00000012986","no"
87,"brown4","ENSGALG00000038026",-0.0367746732003008,"AEBP2","brown4_ENSGALG00000038026","no"
88,"magenta","ENSGALG00000038026",-0.0309950924329886,"AEBP2","magenta_ENSGALG00000038026","no"
89,"brown4","ENSGALG00000032768",-0.218007285249616,"SOX5","brown4_ENSGALG00000032768","no"
90,"magenta","ENSGALG00000032768",-0.168653116796822,"SOX5","magenta_ENSGALG00000032768","no"
91,"brown4","ENSGALG00000048539",0.315821049416727,"BHLHE41","brown4_ENSGALG00000048539","no"
92,"magenta","ENSGALG00000048539",0.455476590284952,"BHLHE41","magenta_ENSGALG00000048539","no"
93,"brown4","ENSGALG00000014096",-0.0412036567584414,"ARNTL2","brown4_ENSGALG00000014096","no"
94,"magenta","ENSGALG00000014096",-0.0237216618176829,"ARNTL2","magenta_ENSGALG00000014096","no"
95,"brown4","ENSGALG00000041470",-0.0757585681702997,"PPARA","brown4_ENSGALG00000041470","no"
96,"magenta","ENSGALG00000041470",-0.063054641909565,"PPARA","magenta_ENSGALG00000041470","no"
97,"brown4","ENSGALG00000012921",0.02980508198099,"ETV6","brown4_ENSGALG00000012921","no"
98,"magenta","ENSGALG00000012921",0.000346348602343576,"ETV6","magenta_ENSGALG00000012921","no"
99,"brown4","ENSGALG00000037030",0.065003510163316,"CREBL2","brown4_ENSGALG00000037030","no"
100,"magenta","ENSGALG00000037030",-0.0036466633065422,"CREBL2","magenta_ENSGALG00000037030","no"
101,"brown4","ENSGALG00000043916",-0.00275724723168454,"ENSGALG00000043916","brown4_ENSGALG00000043916","no"
102,"magenta","ENSGALG00000043916",-0.00741378378345077,"ENSGALG00000043916","magenta_ENSGALG00000043916","no"
103,"brown4","ENSGALG00000014342",0.0380243274581203,"TEAD4","brown4_ENSGALG00000014342","no"
104,"magenta","ENSGALG00000014342",0.103055585233417,"TEAD4","magenta_ENSGALG00000014342","no"
105,"brown4","ENSGALG00000013424",0.050166704568436,"TULP3","brown4_ENSGALG00000013424","no"
106,"magenta","ENSGALG00000013424",0.0291199526827633,"TULP3","magenta_ENSGALG00000013424","no"
107,"brown4","ENSGALG00000013420",-0.0792174420729471,"FOXM1","brown4_ENSGALG00000013420","no"
108,"magenta","ENSGALG00000013420",-0.0195788796444494,"FOXM1","magenta_ENSGALG00000013420","no"
109,"brown4","ENSGALG00000014329",0.0371834497503615,"FOXJ2","brown4_ENSGALG00000014329","no"
110,"magenta","ENSGALG00000014329",-0.00563387558022397,"FOXJ2","magenta_ENSGALG00000014329","no"
111,"brown4","ENSGALG00000032599",0.0409250759544151,"ZNF384","brown4_ENSGALG00000032599","no"
112,"magenta","ENSGALG00000032599",0.0294490402065569,"ZNF384","magenta_ENSGALG00000032599","no"
113,"brown4","ENSGALG00000031890",-0.124447621824015,"YBX3","brown4_ENSGALG00000031890","no"
114,"magenta","ENSGALG00000031890",0.19334621721653,"YBX3","magenta_ENSGALG00000031890","no"
115,"brown4","ENSGALG00000014776",0.0396327525713258,"TBX15","brown4_ENSGALG00000014776","no"
116,"magenta","ENSGALG00000014776",0.0753626814976687,"TBX15","magenta_ENSGALG00000014776","no"
117,"brown4","ENSGALG00000031560",0.0306857253828864,"USF3","brown4_ENSGALG00000031560","no"
118,"magenta","ENSGALG00000031560",0.0188906426268845,"USF3","magenta_ENSGALG00000031560","no"
119,"brown4","ENSGALG00000033432",0.118489310901023,"NHLH2","brown4_ENSGALG00000033432","no"
120,"magenta","ENSGALG00000033432",-0.0662304390646799,"NHLH2","magenta_ENSGALG00000033432","no"
121,"brown4","ENSGALG00000015094",0.144916110488677,"ZBTB20","brown4_ENSGALG00000015094","no"
122,"magenta","ENSGALG00000015094",0.0299793759354681,"ZBTB20","magenta_ENSGALG00000015094","no"
123,"brown4","ENSGALG00000015225",0.0306457324713644,"BLZF1","brown4_ENSGALG00000015225","no"
124,"magenta","ENSGALG00000015225",0.0617717615577728,"BLZF1","magenta_ENSGALG00000015225","no"
125,"brown4","ENSGALG00000015244",0.0272108503870309,"TBX19","brown4_ENSGALG00000015244","no"
126,"magenta","ENSGALG00000015244",-0.0109486705129567,"TBX19","magenta_ENSGALG00000015244","no"
127,"brown4","ENSGALG00000015249",-0.0205613373605243,"ENSGALG00000015249","brown4_ENSGALG00000015249","no"
128,"magenta","ENSGALG00000015249",0.021921959171406,"ENSGALG00000015249","magenta_ENSGALG00000015249","no"
129,"brown4","ENSGALG00000015334",0.0534043454251278,"ZBTB11","brown4_ENSGALG00000015334","no"
130,"magenta","ENSGALG00000015334",0.0328681000579394,"ZBTB11","magenta_ENSGALG00000015334","no"
131,"brown4","ENSGALG00000015353",-0.0132102072061629,"BBX","brown4_ENSGALG00000015353","no"
132,"magenta","ENSGALG00000015353",0.0279259977224533,"BBX","magenta_ENSGALG00000015353","no"
133,"brown4","ENSGALG00000022866",-0.0206507198848139,"ZNF654","brown4_ENSGALG00000022866","no"
134,"magenta","ENSGALG00000022866",-0.0260798279836451,"ZNF654","magenta_ENSGALG00000022866","no"
135,"brown4","ENSGALG00000015446",0.00242670671391614,"POU2F1","brown4_ENSGALG00000015446","no"
136,"magenta","ENSGALG00000015446",-0.036680227720044,"POU2F1","magenta_ENSGALG00000015446","no"
137,"brown4","ENSGALG00000019211",0.0131824432079543,"MAEL","brown4_ENSGALG00000019211","no"
138,"magenta","ENSGALG00000019211",0.00869416247095864,"MAEL","magenta_ENSGALG00000019211","no"
139,"brown4","ENSGALG00000015459",0.0402424964029321,"ZFP92","brown4_ENSGALG00000015459","no"
140,"magenta","ENSGALG00000015459",-0.0212044135241457,"ZFP92","magenta_ENSGALG00000015459","no"
141,"brown4","ENSGALG00000015495",0.0275869465297932,"POU1F1","brown4_ENSGALG00000015495","no"
142,"magenta","ENSGALG00000015495",0.00242818642986461,"POU1F1","magenta_ENSGALG00000015495","no"
143,"brown4","ENSGALG00000015763",0.0036699354244003,"GABPA","brown4_ENSGALG00000015763","no"
144,"magenta","ENSGALG00000015763",0.071487420005389,"GABPA","magenta_ENSGALG00000015763","no"
145,"brown4","ENSGALG00000015828",-0.00982359202569328,"BACH1","brown4_ENSGALG00000015828","no"
146,"magenta","ENSGALG00000015828",0.0109845011729508,"BACH1","magenta_ENSGALG00000015828","no"
147,"brown4","ENSGALG00000036833",-0.00151363933968227,"PAXBP1","brown4_ENSGALG00000036833","no"
148,"magenta","ENSGALG00000036833",-0.0277727642441919,"PAXBP1","magenta_ENSGALG00000036833","no"
149,"brown4","ENSGALG00000031010",-0.557433545642998,"OLIG2","brown4_ENSGALG00000031010","no"
150,"magenta","ENSGALG00000031010",-0.370218679380011,"OLIG2","magenta_ENSGALG00000031010","no"
151,"brown4","ENSGALG00000016022",-0.0175433104836323,"RUNX1","brown4_ENSGALG00000016022","no"
152,"magenta","ENSGALG00000016022",-0.0147961314082079,"RUNX1","magenta_ENSGALG00000016022","no"
153,"brown4","ENSGALG00000016044",-0.00507194881511858,"SIM2","brown4_ENSGALG00000016044","no"
154,"magenta","ENSGALG00000016044",0.0133348729265116,"SIM2","magenta_ENSGALG00000016044","no"
155,"brown4","ENSGALG00000016058",-0.0535188929971787,"ERG","brown4_ENSGALG00000016058","no"
156,"magenta","ENSGALG00000016058",-0.0148798447801965,"ERG","magenta_ENSGALG00000016058","no"
157,"brown4","ENSGALG00000016059",-0.112318644793804,"ETS2","brown4_ENSGALG00000016059","no"
158,"magenta","ENSGALG00000016059",-0.0528436943591945,"ETS2","magenta_ENSGALG00000016059","no"
159,"brown4","ENSGALG00000019178",0.0698762657368888,"PRDM15","brown4_ENSGALG00000019178","no"
160,"magenta","ENSGALG00000019178",0.0162680587427016,"PRDM15","magenta_ENSGALG00000019178","no"
161,"brown4","ENSGALG00000016147",-0.00621132567404093,"ZBTB21","brown4_ENSGALG00000016147","no"
162,"magenta","ENSGALG00000016147",-0.00822108813866029,"ZBTB21","magenta_ENSGALG00000016147","no"
163,"brown4","ENSGALG00000016191",0.158395722841817,"PKNOX1","brown4_ENSGALG00000016191","no"
164,"magenta","ENSGALG00000016191",-0.0447180078283125,"PKNOX1","magenta_ENSGALG00000016191","no"
165,"brown4","ENSGALG00000016287",0.196994453468893,"NR0B1","brown4_ENSGALG00000016287","no"
166,"magenta","ENSGALG00000016287",0.2204905123966,"NR0B1","magenta_ENSGALG00000016287","no"
167,"brown4","ENSGALG00000042604",0.034844767476264,"ARX","brown4_ENSGALG00000042604","no"
168,"magenta","ENSGALG00000042604",0.0520324427371398,"ARX","magenta_ENSGALG00000042604","no"
169,"brown4","ENSGALG00000016327",-0.0224782077717875,"ENSGALG00000016327","brown4_ENSGALG00000016327","no"
170,"magenta","ENSGALG00000016327",-0.00201998464439287,"ENSGALG00000016327","magenta_ENSGALG00000016327","no"
171,"brown4","ENSGALG00000016382",0.0135680193377202,"MBTPS2","brown4_ENSGALG00000016382","no"
172,"magenta","ENSGALG00000016382",-0.0307078053852588,"MBTPS2","magenta_ENSGALG00000016382","no"
173,"brown4","ENSGALG00000016767",0.191798407292915,"AFF3","brown4_ENSGALG00000016767","no"
174,"magenta","ENSGALG00000016767",0.20520570737603,"AFF3","magenta_ENSGALG00000016767","no"
175,"brown4","ENSGALG00000016774",0.0142322229807162,"NPAS2","brown4_ENSGALG00000016774","no"
176,"magenta","ENSGALG00000016774",0.0128333665064064,"NPAS2","magenta_ENSGALG00000016774","no"
177,"brown4","ENSGALG00000045388",0.0127518276294947,"RFX8","brown4_ENSGALG00000045388","no"
178,"magenta","ENSGALG00000045388",-0.00420175390575049,"RFX8","magenta_ENSGALG00000045388","no"
179,"brown4","ENSGALG00000033739",0.0213632206157367,"POU3F3","brown4_ENSGALG00000033739","no"
180,"magenta","ENSGALG00000033739",0.0871017837894024,"POU3F3","magenta_ENSGALG00000033739","no"
181,"brown4","ENSGALG00000016813",0.00452472364875223,"CHAMP1","brown4_ENSGALG00000016813","no"
182,"magenta","ENSGALG00000016813",-0.0120818800187828,"CHAMP1","magenta_ENSGALG00000016813","no"
183,"brown4","ENSGALG00000016823",-0.0749152154308266,"TFDP1","brown4_ENSGALG00000016823","no"
184,"magenta","ENSGALG00000016823",0.0628181738259631,"TFDP1","magenta_ENSGALG00000016823","no"
185,"brown4","ENSGALG00000030353",0.0259310059596017,"SOX1","brown4_ENSGALG00000030353","no"
186,"magenta","ENSGALG00000030353",-0.00463936554654068,"SOX1","magenta_ENSGALG00000030353","no"
187,"brown4","ENSGALG00000041083",0.289267167249674,"ZIC2","brown4_ENSGALG00000041083","no"
188,"magenta","ENSGALG00000041083",0.381820586043644,"ZIC2","magenta_ENSGALG00000041083","no"
189,"brown4","ENSGALG00000034197",0.33013047352302,"ZIC5","brown4_ENSGALG00000034197","no"
190,"magenta","ENSGALG00000034197",0.415240403519674,"ZIC5","magenta_ENSGALG00000034197","no"
191,"brown4","ENSGALG00000016895",0.00152886299672271,"DZIP1","brown4_ENSGALG00000016895","no"
192,"magenta","ENSGALG00000016895",0.0438468248886751,"DZIP1","magenta_ENSGALG00000016895","no"
193,"brown4","ENSGALG00000035157",-0.085131470609085,"SOX21","brown4_ENSGALG00000035157","no"
194,"magenta","ENSGALG00000035157",-0.0782536011766967,"SOX21","magenta_ENSGALG00000035157","no"
195,"brown4","ENSGALG00000035441",0.0997548178114783,"POU4F1","brown4_ENSGALG00000035441","no"
196,"magenta","ENSGALG00000035441",-0.0363676248866232,"POU4F1","magenta_ENSGALG00000035441","no"
197,"brown4","ENSGALG00000016926",0.0438833270356006,"KLF12","brown4_ENSGALG00000016926","no"
198,"magenta","ENSGALG00000016926",0.0202206024927453,"KLF12","magenta_ENSGALG00000016926","no"
199,"brown4","ENSGALG00000016927",0.022137934356386,"KLF5","brown4_ENSGALG00000016927","no"
200,"magenta","ENSGALG00000016927",0.0225654719622683,"KLF5","magenta_ENSGALG00000016927","no"
201,"brown4","ENSGALG00000037015",0.156745281234024,"DACH1","brown4_ENSGALG00000037015","no"
202,"magenta","ENSGALG00000037015",0.0817330927138229,"DACH1","magenta_ENSGALG00000037015","no"
203,"brown4","ENSGALG00000016947",-0.0743334543724989,"ELF1","brown4_ENSGALG00000016947","no"
204,"magenta","ENSGALG00000016947",-0.00594495654755747,"ELF1","magenta_ENSGALG00000016947","no"
205,"brown4","ENSGALG00000016971",0.0534261808276916,"ENSGALG00000016971","brown4_ENSGALG00000016971","no"
206,"magenta","ENSGALG00000016971",0.0487216619724785,"ENSGALG00000016971","magenta_ENSGALG00000016971","no"
207,"brown4","ENSGALG00000016972",0.0100885044715083,"NUFIP1","brown4_ENSGALG00000016972","no"
208,"magenta","ENSGALG00000016972",0.0315575347589998,"NUFIP1","magenta_ENSGALG00000016972","no"
209,"brown4","ENSGALG00000017006",0.0971745299029178,"SETDB2","brown4_ENSGALG00000017006","no"
210,"magenta","ENSGALG00000017006",0.128421109184163,"SETDB2","magenta_ENSGALG00000017006","no"
211,"brown4","ENSGALG00000017034",-0.0461386623362582,"FOXO1","brown4_ENSGALG00000017034","no"
212,"magenta","ENSGALG00000017034",-0.0527924338965437,"FOXO1","magenta_ENSGALG00000017034","no"
213,"brown4","ENSGALG00000017050",0.0380438766355387,"SMAD9","brown4_ENSGALG00000017050","no"
214,"magenta","ENSGALG00000017050",0.0506627213865905,"SMAD9","magenta_ENSGALG00000017050","no"
215,"brown4","ENSGALG00000042875",-0.158434691297554,"HMGB1","brown4_ENSGALG00000042875","no"
216,"magenta","ENSGALG00000042875",-0.104981998116871,"HMGB1","magenta_ENSGALG00000042875","no"
217,"brown4","ENSGALG00000029779",-0.162616598931685,"GSX1","brown4_ENSGALG00000029779","no"
218,"magenta","ENSGALG00000029779",-0.098125827102448,"GSX1","magenta_ENSGALG00000029779","no"
219,"brown4","ENSGALG00000017098",0.0233219011970249,"GTF3A","brown4_ENSGALG00000017098","no"
220,"magenta","ENSGALG00000017098",0.0345379283853453,"GTF3A","magenta_ENSGALG00000017098","no"
221,"brown4","ENSGALG00000017195",0.0499152822750306,"PGR","brown4_ENSGALG00000017195","no"
222,"magenta","ENSGALG00000017195",-0.0087963462415893,"PGR","magenta_ENSGALG00000017195","no"
223,"brown4","ENSGALG00000000838",0.0585142953311839,"THAP12","brown4_ENSGALG00000000838","no"
224,"magenta","ENSGALG00000000838",0.102109257489444,"THAP12","magenta_ENSGALG00000000838","no"
225,"brown4","ENSGALG00000042241",0.0503689174488392,"GBX1","brown4_ENSGALG00000042241","no"
226,"magenta","ENSGALG00000042241",-0.0269131823715971,"GBX1","magenta_ENSGALG00000042241","no"
227,"brown4","ENSGALG00000045908",0.00793948530172326,"ENSGALG00000045908","brown4_ENSGALG00000045908","no"
228,"magenta","ENSGALG00000045908",0.00566400642707504,"ENSGALG00000045908","magenta_ENSGALG00000045908","no"
229,"brown4","ENSGALG00000038926",0.0333953644811188,"ENSGALG00000038926","brown4_ENSGALG00000038926","no"
230,"magenta","ENSGALG00000038926",0.06742001359789,"ENSGALG00000038926","magenta_ENSGALG00000038926","no"
231,"brown4","ENSGALG00000053653",-0.00214052036184665,"ZNF467","brown4_ENSGALG00000053653","no"
232,"magenta","ENSGALG00000053653",0.00795732016331304,"ZNF467","magenta_ENSGALG00000053653","no"
233,"brown4","ENSGALG00000042908",-0.00683037850786545,"CTC-575C13.4","brown4_ENSGALG00000042908","no"
234,"magenta","ENSGALG00000042908",-0.0143850314913421,"CTC-575C13.4","magenta_ENSGALG00000042908","no"
235,"brown4","ENSGALG00000044014",-0.0167987389253145,"ENSGALG00000044014","brown4_ENSGALG00000044014","no"
236,"magenta","ENSGALG00000044014",-0.038299068047468,"ENSGALG00000044014","magenta_ENSGALG00000044014","no"
237,"brown4","ENSGALG00000034903",0.0338616774544312,"ENSGALG00000034903","brown4_ENSGALG00000034903","no"
238,"magenta","ENSGALG00000034903",0.0110374022192715,"ENSGALG00000034903","magenta_ENSGALG00000034903","no"
239,"brown4","ENSGALG00000044098",0.0125425137246162,"ENSGALG00000044098","brown4_ENSGALG00000044098","no"
240,"magenta","ENSGALG00000044098",0.0304526291561138,"ENSGALG00000044098","magenta_ENSGALG00000044098","no"
241,"brown4","ENSGALG00000036870",0.0980686706791796,"ZNF767","brown4_ENSGALG00000036870","no"
242,"magenta","ENSGALG00000036870",0.0820136216075059,"ZNF767","magenta_ENSGALG00000036870","no"
243,"brown4","ENSGALG00000039048",0.00269706792087898,"ZNF282","brown4_ENSGALG00000039048","no"
244,"magenta","ENSGALG00000039048",-0.00285240110858581,"ZNF282","magenta_ENSGALG00000039048","no"
245,"brown4","ENSGALG00000038657",-0.00597750450448196,"ZNF777","brown4_ENSGALG00000038657","no"
246,"magenta","ENSGALG00000038657",-0.017068716187004,"ZNF777","magenta_ENSGALG00000038657","no"
247,"brown4","ENSGALG00000032642",0.00866124514100834,"SMARCC1","brown4_ENSGALG00000032642","no"
248,"magenta","ENSGALG00000032642",0.021068863408794,"SMARCC1","magenta_ENSGALG00000032642","no"
249,"brown4","ENSGALG00000005287",0.062167022097657,"ZBTB47","brown4_ENSGALG00000005287","no"
250,"magenta","ENSGALG00000005287",-0.00249711506946467,"ZBTB47","magenta_ENSGALG00000005287","no"
251,"brown4","ENSGALG00000005661",-0.0191504986023452,"ENSGALG00000005661","brown4_ENSGALG00000005661","no"
252,"magenta","ENSGALG00000005661",-0.0178367831337608,"ENSGALG00000005661","magenta_ENSGALG00000005661","no"
253,"brown4","ENSGALG00000027905",0.176926264392934,"CSRNP1","brown4_ENSGALG00000027905","no"
254,"magenta","ENSGALG00000027905",0.256574658201338,"CSRNP1","magenta_ENSGALG00000027905","no"
255,"brown4","ENSGALG00000049653",-0.0522596569391397,"KMT2C","brown4_ENSGALG00000049653","no"
256,"magenta","ENSGALG00000049653",-0.0680183604711576,"KMT2C","magenta_ENSGALG00000049653","no"
257,"brown4","ENSGALG00000041295",0.00420493130622294,"EN2","brown4_ENSGALG00000041295","no"
258,"magenta","ENSGALG00000041295",0.0111849689702047,"EN2","magenta_ENSGALG00000041295","no"
259,"brown4","ENSGALG00000041154",-0.00250233313809641,"MNX1","brown4_ENSGALG00000041154","no"
260,"magenta","ENSGALG00000041154",0.00290098437897405,"MNX1","magenta_ENSGALG00000041154","no"
261,"brown4","ENSGALG00000033178",-0.0183307825954425,"KLF6","brown4_ENSGALG00000033178","no"
262,"magenta","ENSGALG00000033178",0.0420426983604799,"KLF6","magenta_ENSGALG00000033178","no"
263,"brown4","ENSGALG00000007082",0.111526168814122,"CREM","brown4_ENSGALG00000007082","no"
264,"magenta","ENSGALG00000007082",0.233282064769116,"CREM","magenta_ENSGALG00000007082","no"
265,"brown4","ENSGALG00000007260",-0.13686948372295,"ZEB1","brown4_ENSGALG00000007260","no"
266,"magenta","ENSGALG00000007260",0.00452123883704654,"ZEB1","magenta_ENSGALG00000007260","no"
267,"brown4","ENSGALG00000007266",0.000131956605053359,"ZNF438","brown4_ENSGALG00000007266","no"
268,"magenta","ENSGALG00000007266",0.00510285693312298,"ZNF438","magenta_ENSGALG00000007266","no"
269,"brown4","ENSGALG00000007426",-0.082251783783357,"MKX","brown4_ENSGALG00000007426","no"
270,"magenta","ENSGALG00000007426",-0.0608808432049643,"MKX","magenta_ENSGALG00000007426","no"
271,"brown4","ENSGALG00000027144",0.00892854884518268,"PTF1A","brown4_ENSGALG00000027144","no"
272,"magenta","ENSGALG00000027144",-0.00669968767477521,"PTF1A","magenta_ENSGALG00000027144","no"
273,"brown4","ENSGALG00000007914",-0.204807801406139,"DNAJC1","brown4_ENSGALG00000007914","no"
274,"magenta","ENSGALG00000007914",-0.10014048301486,"DNAJC1","magenta_ENSGALG00000007914","no"
275,"brown4","ENSGALG00000007928",0.0067129577564131,"MLLT10","brown4_ENSGALG00000007928","no"
276,"magenta","ENSGALG00000007928",-0.0203442432163599,"MLLT10","magenta_ENSGALG00000007928","no"
277,"brown4","ENSGALG00000009399",0.010432442681694,"GATAD1","brown4_ENSGALG00000009399","no"
278,"magenta","ENSGALG00000009399",0.0505334355186466,"GATAD1","magenta_ENSGALG00000009399","no"
279,"brown4","ENSGALG00000009129",-0.00949114460763904,"DLX5","brown4_ENSGALG00000009129","no"
280,"magenta","ENSGALG00000009129",0.00779481065280735,"DLX5","magenta_ENSGALG00000009129","no"
281,"brown4","ENSGALG00000035504",-0.327909927275163,"ETV1","brown4_ENSGALG00000035504","no"
282,"magenta","ENSGALG00000035504",-0.24480813111788,"ETV1","magenta_ENSGALG00000035504","no"
283,"brown4","ENSGALG00000010794",-0.0432839625420552,"MEOX2","brown4_ENSGALG00000010794","no"
284,"magenta","ENSGALG00000010794",-0.0147081051955989,"MEOX2","magenta_ENSGALG00000010794","no"
285,"brown4","ENSGALG00000010836",-0.174445372609531,"AHR","brown4_ENSGALG00000010836","no"
286,"magenta","ENSGALG00000010836",-0.135250894957927,"AHR","magenta_ENSGALG00000010836","no"
287,"brown4","ENSGALG00000041640",-0.084351012362807,"TWIST1","brown4_ENSGALG00000041640","no"
288,"magenta","ENSGALG00000041640",-0.0101401656357519,"TWIST1","magenta_ENSGALG00000041640","no"
289,"brown4","ENSGALG00000010862",0.0278399900800716,"FERD3L","brown4_ENSGALG00000010862","no"
290,"magenta","ENSGALG00000010862",0.0265395723781962,"FERD3L","magenta_ENSGALG00000010862","no"
291,"brown4","ENSGALG00000035725",-0.0543272739188229,"SP8","brown4_ENSGALG00000035725","no"
292,"magenta","ENSGALG00000035725",-0.0471844188575265,"SP8","magenta_ENSGALG00000035725","no"
293,"brown4","ENSGALG00000039454",0.0952289839695138,"SP4","brown4_ENSGALG00000039454","no"
294,"magenta","ENSGALG00000039454",0.00230256848341013,"SP4","magenta_ENSGALG00000039454","no"
295,"brown4","ENSGALG00000028095",0.00484855421506805,"HOXA1","brown4_ENSGALG00000028095","no"
296,"magenta","ENSGALG00000028095",0.0165030012988704,"HOXA1","magenta_ENSGALG00000028095","no"
297,"brown4","ENSGALG00000040521",0.0281182222984271,"HOXA2","brown4_ENSGALG00000040521","no"
298,"magenta","ENSGALG00000040521",0.0367264470769051,"HOXA2","magenta_ENSGALG00000040521","no"
299,"brown4","ENSGALG00000027925",0.121480929100219,"HOXA3","brown4_ENSGALG00000027925","no"
300,"magenta","ENSGALG00000027925",0.104423760776202,"HOXA3","magenta_ENSGALG00000027925","no"
301,"brown4","ENSGALG00000022622",0.20866897531926,"HOXA4","brown4_ENSGALG00000022622","no"
302,"magenta","ENSGALG00000022622",0.292929991856767,"HOXA4","magenta_ENSGALG00000022622","no"
303,"brown4","ENSGALG00000025929",0.279939970007073,"HOXA5","brown4_ENSGALG00000025929","no"
304,"magenta","ENSGALG00000025929",0.349246189755194,"HOXA5","magenta_ENSGALG00000025929","no"
305,"brown4","ENSGALG00000028908",0.19063644405984,"HOXA6","brown4_ENSGALG00000028908","no"
306,"magenta","ENSGALG00000028908",0.271360547859685,"HOXA6","magenta_ENSGALG00000028908","no"
307,"brown4","ENSGALG00000026989",0.0845023693136897,"HOXA7","brown4_ENSGALG00000026989","no"
308,"magenta","ENSGALG00000026989",0.01077650390839,"HOXA7","magenta_ENSGALG00000026989","no"
309,"brown4","ENSGALG00000028983",0.269723119507909,"HOXA9","brown4_ENSGALG00000028983","no"
310,"magenta","ENSGALG00000028983",0.272503784682015,"HOXA9","magenta_ENSGALG00000028983","no"
311,"brown4","ENSGALG00000026631",0.130079389296155,"HOXA10","brown4_ENSGALG00000026631","no"
312,"magenta","ENSGALG00000026631",0.20854750755927,"HOXA10","magenta_ENSGALG00000026631","no"
313,"brown4","ENSGALG00000040021",0.443765931163182,"HOXA11","brown4_ENSGALG00000040021","no"
314,"magenta","ENSGALG00000040021",0.599969058377757,"HOXA11","magenta_ENSGALG00000040021","yes"
315,"brown4","ENSGALG00000027234",0.026445326228098,"HOXA13","brown4_ENSGALG00000027234","no"
316,"magenta","ENSGALG00000027234",0.0377598836770805,"HOXA13","magenta_ENSGALG00000027234","no"
317,"brown4","ENSGALG00000037310",0.0132023285470939,"EVX1","brown4_ENSGALG00000037310","no"
318,"magenta","ENSGALG00000037310",-0.00497714709104188,"EVX1","magenta_ENSGALG00000037310","no"
319,"brown4","ENSGALG00000042822",0.0889938920719502,"TAX1BP1","brown4_ENSGALG00000042822","no"
320,"magenta","ENSGALG00000042822",0.0255282634634427,"TAX1BP1","magenta_ENSGALG00000042822","no"
321,"brown4","ENSGALG00000030455",0.0537774737897977,"JAZF1","brown4_ENSGALG00000030455","no"
322,"magenta","ENSGALG00000030455",0.0395832953386849,"JAZF1","magenta_ENSGALG00000030455","no"
323,"brown4","ENSGALG00000038265",-0.00744036314713985,"CREB5","brown4_ENSGALG00000038265","no"
324,"magenta","ENSGALG00000038265",0.0140233367123447,"CREB5","magenta_ENSGALG00000038265","no"
325,"brown4","ENSGALG00000011254",0.3253619053384,"SATB1","brown4_ENSGALG00000011254","no"
326,"magenta","ENSGALG00000011254",0.123372552303622,"SATB1","magenta_ENSGALG00000011254","no"
327,"brown4","ENSGALG00000011291",0.0630640340170595,"NR1D2","brown4_ENSGALG00000011291","no"
328,"magenta","ENSGALG00000011291",-0.0107745557479917,"NR1D2","magenta_ENSGALG00000011291","no"
329,"brown4","ENSGALG00000011294",0.0120304593477846,"THRB","brown4_ENSGALG00000011294","no"
330,"magenta","ENSGALG00000011294",-0.0158043134693957,"THRB","magenta_ENSGALG00000011294","no"
331,"brown4","ENSGALG00000011298",0.162023186564994,"RARB","brown4_ENSGALG00000011298","no"
332,"magenta","ENSGALG00000011298",0.20579604364265,"RARB","magenta_ENSGALG00000011298","no"
333,"brown4","ENSGALG00000027247",-0.0200868721210279,"EOMES","brown4_ENSGALG00000027247","no"
334,"magenta","ENSGALG00000027247",-0.00755054652849987,"EOMES","magenta_ENSGALG00000027247","no"
335,"brown4","ENSGALG00000035630",6.76563996946428e-06,"UBP1","brown4_ENSGALG00000035630","no"
336,"magenta","ENSGALG00000035630",-0.0194310264909308,"UBP1","magenta_ENSGALG00000035630","no"
337,"brown4","ENSGALG00000030287",0.200871706147986,"NEUROD6","brown4_ENSGALG00000030287","no"
338,"magenta","ENSGALG00000030287",-0.11665796053593,"NEUROD6","magenta_ENSGALG00000030287","no"
339,"brown4","ENSGALG00000033102",0.0517363638398835,"LRRFIP2","brown4_ENSGALG00000033102","no"
340,"magenta","ENSGALG00000033102",0.0518643236027532,"LRRFIP2","magenta_ENSGALG00000033102","no"
341,"brown4","ENSGALG00000031713",0.00262294316269482,"ENSGALG00000031713","brown4_ENSGALG00000031713","no"
342,"magenta","ENSGALG00000031713",-0.000884255135957828,"ENSGALG00000031713","magenta_ENSGALG00000031713","no"
343,"brown4","ENSGALG00000040266",0.146210777207742,"GLI3","brown4_ENSGALG00000040266","no"
344,"magenta","ENSGALG00000040266",0.19199102066285,"GLI3","magenta_ENSGALG00000040266","no"
345,"brown4","ENSGALG00000043724",-0.0178163345671188,"NFX1","brown4_ENSGALG00000043724","no"
346,"magenta","ENSGALG00000043724",0.0303326425544752,"NFX1","magenta_ENSGALG00000043724","no"
347,"brown4","ENSGALG00000035669",0.010440796596253,"ADNP2","brown4_ENSGALG00000035669","no"
348,"magenta","ENSGALG00000035669",-0.0174113323274164,"ADNP2","magenta_ENSGALG00000035669","no"
349,"brown4","ENSGALG00000042534",0.0226570146103707,"NFATC1","brown4_ENSGALG00000042534","no"
350,"magenta","ENSGALG00000042534",0.0238131581950628,"NFATC1","magenta_ENSGALG00000042534","no"
351,"brown4","ENSGALG00000041404",-0.102463925863409,"SALL3","brown4_ENSGALG00000041404","no"
352,"magenta","ENSGALG00000041404",-0.107377052893998,"SALL3","magenta_ENSGALG00000041404","no"
353,"brown4","ENSGALG00000036497",0.109872292715945,"SOX4","brown4_ENSGALG00000036497","no"
354,"magenta","ENSGALG00000036497",-0.091455152052892,"SOX4","magenta_ENSGALG00000036497","no"
355,"brown4","ENSGALG00000012680",-0.11055723001981,"E2F3","brown4_ENSGALG00000012680","no"
356,"magenta","ENSGALG00000012680",-0.0196567351154003,"E2F3","magenta_ENSGALG00000012680","no"
357,"brown4","ENSGALG00000039474",0.308075692140091,"ID4","brown4_ENSGALG00000039474","no"
358,"magenta","ENSGALG00000039474",0.400249026815025,"ID4","magenta_ENSGALG00000039474","no"
359,"brown4","ENSGALG00000012702",0.0270089899032352,"JARID2","brown4_ENSGALG00000012702","no"
360,"magenta","ENSGALG00000012702",-0.0756116938536869,"JARID2","magenta_ENSGALG00000012702","no"
361,"brown4","ENSGALG00000012739",0.0672960285096758,"HIVEP1","brown4_ENSGALG00000012739","no"
362,"magenta","ENSGALG00000012739",-0.0681339533729794,"HIVEP1","magenta_ENSGALG00000012739","no"
363,"brown4","ENSGALG00000012768",0.00958573414584561,"GCM2","brown4_ENSGALG00000012768","no"
364,"magenta","ENSGALG00000012768",-0.00406140080186814,"GCM2","magenta_ENSGALG00000012768","no"
365,"brown4","ENSGALG00000012775",0.255986467688119,"TFAP2A","brown4_ENSGALG00000012775","no"
366,"magenta","ENSGALG00000012775",-0.117798241116906,"TFAP2A","magenta_ENSGALG00000012775","no"
367,"brown4","ENSGALG00000012799",0.0399919805065222,"RREB1","brown4_ENSGALG00000012799","no"
368,"magenta","ENSGALG00000012799",0.107284114921773,"RREB1","magenta_ENSGALG00000012799","no"
369,"brown4","ENSGALG00000012830",-0.0134789180409018,"IRF4","brown4_ENSGALG00000012830","no"
370,"magenta","ENSGALG00000012830",-0.00261038128207059,"IRF4","magenta_ENSGALG00000012830","no"
371,"brown4","ENSGALG00000031920",-0.156702355832031,"FOXF2","brown4_ENSGALG00000031920","no"
372,"magenta","ENSGALG00000031920",-0.0455196288747795,"FOXF2","magenta_ENSGALG00000031920","no"
373,"brown4","ENSGALG00000037171",0.111222740364589,"ZNF622","brown4_ENSGALG00000037171","no"
374,"magenta","ENSGALG00000037171",0.0314453355875566,"ZNF622","magenta_ENSGALG00000037171","no"
375,"brown4","ENSGALG00000013086",-0.0301871658201586,"IKZF1","brown4_ENSGALG00000013086","no"
376,"magenta","ENSGALG00000013086",-0.0150150059626249,"IKZF1","magenta_ENSGALG00000013086","no"
377,"brown4","ENSGALG00000022896",-0.000336396349599659,"IRX4","brown4_ENSGALG00000022896","no"
378,"magenta","ENSGALG00000022896",-0.00711871733257541,"IRX4","magenta_ENSGALG00000022896","no"
379,"brown4","ENSGALG00000013193",-0.0620825980962624,"IRX2","brown4_ENSGALG00000013193","no"
380,"magenta","ENSGALG00000013193",-0.058982625526632,"IRX2","magenta_ENSGALG00000013193","no"
381,"brown4","ENSGALG00000030991",-0.103829280023852,"IRX1","brown4_ENSGALG00000030991","no"
382,"magenta","ENSGALG00000030991",-0.0815930804042331,"IRX1","magenta_ENSGALG00000030991","no"
383,"brown4","ENSGALG00000013402",0.001179068288232,"AHRR","brown4_ENSGALG00000013402","no"
384,"magenta","ENSGALG00000013402",-0.00302435564737499,"AHRR","magenta_ENSGALG00000013402","no"
385,"brown4","ENSGALG00000013568",0.184869703123405,"NR4A3","brown4_ENSGALG00000013568","no"
386,"magenta","ENSGALG00000013568",0.343761257886516,"NR4A3","magenta_ENSGALG00000013568","yes"
387,"brown4","ENSGALG00000013657",0.0441213816766329,"ZNF236","brown4_ENSGALG00000013657","no"
388,"magenta","ENSGALG00000013657",-0.00506001167906234,"ZNF236","magenta_ENSGALG00000013657","no"
389,"brown4","ENSGALG00000013660",-0.201415240762749,"ZNF516","brown4_ENSGALG00000013660","no"
390,"magenta","ENSGALG00000013660",-0.104949181827697,"ZNF516","magenta_ENSGALG00000013660","no"
391,"brown4","ENSGALG00000013672",-0.0551676992643246,"TSHZ1","brown4_ENSGALG00000013672","no"
392,"magenta","ENSGALG00000013672",-0.118198637305312,"TSHZ1","magenta_ENSGALG00000013672","no"
393,"brown4","ENSGALG00000036128",-0.00572174433186706,"ZNF407","brown4_ENSGALG00000036128","no"
394,"magenta","ENSGALG00000036128",-0.0309082166015338,"ZNF407","magenta_ENSGALG00000036128","no"
395,"brown4","ENSGALG00000022875",-0.142733062291068,"ENSGALG00000022875","brown4_ENSGALG00000022875","no"
396,"magenta","ENSGALG00000022875",-0.0619408273051219,"ENSGALG00000022875","magenta_ENSGALG00000022875","no"
397,"brown4","ENSGALG00000038340",-0.0451028599364224,"ZBTB14","brown4_ENSGALG00000038340","no"
398,"magenta","ENSGALG00000038340",-0.06096014035037,"ZBTB14","magenta_ENSGALG00000038340","no"
399,"brown4","ENSGALG00000014795",0.0865510651170421,"TGIF1","brown4_ENSGALG00000014795","no"
400,"magenta","ENSGALG00000014795",0.140421925607406,"TGIF1","magenta_ENSGALG00000014795","no"
401,"brown4","ENSGALG00000014976",0.0352323135234616,"GATA6","brown4_ENSGALG00000014976","no"
402,"magenta","ENSGALG00000014976",0.033358763854456,"GATA6","magenta_ENSGALG00000014976","no"
403,"brown4","ENSGALG00000015112",0.179111329127925,"ZNF521","brown4_ENSGALG00000015112","no"
404,"magenta","ENSGALG00000015112",-0.0712255760694235,"ZNF521","magenta_ENSGALG00000015112","no"
405,"brown4","ENSGALG00000040180",0.00722377048648071,"CEBPD","brown4_ENSGALG00000040180","no"
406,"magenta","ENSGALG00000040180",0.0163946898522522,"CEBPD","magenta_ENSGALG00000040180","no"
407,"brown4","ENSGALG00000030902",-0.135495291596132,"ENSGALG00000030902","brown4_ENSGALG00000030902","no"
408,"magenta","ENSGALG00000030902",-0.0310978155654302,"ENSGALG00000030902","magenta_ENSGALG00000030902","no"
409,"brown4","ENSGALG00000015254",0.153006181943537,"ST18","brown4_ENSGALG00000015254","no"
410,"magenta","ENSGALG00000015254",-0.111269416355846,"ST18","magenta_ENSGALG00000015254","no"
411,"brown4","ENSGALG00000032994",-0.0337024184852822,"SOX17","brown4_ENSGALG00000032994","no"
412,"magenta","ENSGALG00000032994",0.00355401917886962,"SOX17","magenta_ENSGALG00000032994","no"
413,"brown4","ENSGALG00000015407",-0.0121078415077054,"PLAG1","brown4_ENSGALG00000015407","no"
414,"magenta","ENSGALG00000015407",-0.00286300835725303,"PLAG1","magenta_ENSGALG00000015407","no"
415,"brown4","ENSGALG00000039102",0.292282722776781,"TOX","brown4_ENSGALG00000039102","no"
416,"magenta","ENSGALG00000039102",0.128302760152845,"TOX","magenta_ENSGALG00000039102","no"
417,"brown4","ENSGALG00000040249",0.216725311961546,"BHLHE22","brown4_ENSGALG00000040249","no"
418,"magenta","ENSGALG00000040249",-0.126540532717857,"BHLHE22","magenta_ENSGALG00000040249","no"
419,"brown4","ENSGALG00000033304",-0.0764725786141183,"MYBL1","brown4_ENSGALG00000033304","no"
420,"magenta","ENSGALG00000033304",-0.0183555443273758,"MYBL1","magenta_ENSGALG00000033304","no"
421,"brown4","ENSGALG00000040355",0.0209801736795081,"TCF24","brown4_ENSGALG00000040355","no"
422,"magenta","ENSGALG00000040355",0.0243076079436802,"TCF24","magenta_ENSGALG00000040355","no"
423,"brown4","ENSGALG00000036017",0.0156313687396183,"NCOA2","brown4_ENSGALG00000036017","no"
424,"magenta","ENSGALG00000036017",-0.0418975024420139,"NCOA2","magenta_ENSGALG00000036017","no"
425,"brown4","ENSGALG00000037777",-0.012626744035821,"MSC","brown4_ENSGALG00000037777","no"
426,"magenta","ENSGALG00000037777",-0.00879859797208811,"MSC","magenta_ENSGALG00000037777","no"
427,"brown4","ENSGALG00000037453",-0.0631270873565709,"TERF1","brown4_ENSGALG00000037453","no"
428,"magenta","ENSGALG00000037453",0.0395329372814239,"TERF1","magenta_ENSGALG00000037453","no"
429,"brown4","ENSGALG00000042621",0.02081471052239,"HNF4G","brown4_ENSGALG00000042621","no"
430,"magenta","ENSGALG00000042621",-0.00962253440964538,"HNF4G","magenta_ENSGALG00000042621","no"
431,"brown4","ENSGALG00000037164",0.188661459058972,"ZFHX4","brown4_ENSGALG00000037164","no"
432,"magenta","ENSGALG00000037164",0.21894783229178,"ZFHX4","magenta_ENSGALG00000037164","no"
433,"brown4","ENSGALG00000035031",0.0344178641925285,"HEY1","brown4_ENSGALG00000035031","no"
434,"magenta","ENSGALG00000035031",0.12864350373743,"HEY1","magenta_ENSGALG00000035031","no"
435,"brown4","ENSGALG00000030011",0.105464641335182,"ZNF704","brown4_ENSGALG00000030011","no"
436,"magenta","ENSGALG00000030011",0.0256430903918161,"ZNF704","magenta_ENSGALG00000030011","no"
437,"brown4","ENSGALG00000038915",0.158834590846428,"E2F5","brown4_ENSGALG00000038915","no"
438,"magenta","ENSGALG00000038915",0.249858589478893,"E2F5","magenta_ENSGALG00000038915","no"
439,"brown4","ENSGALG00000041200",-0.0158419658571064,"ZNF706","brown4_ENSGALG00000041200","no"
440,"magenta","ENSGALG00000041200",0.0392174424350537,"ZNF706","magenta_ENSGALG00000041200","no"
441,"brown4","ENSGALG00000037687",0.00700740669530386,"ENSGALG00000037687","brown4_ENSGALG00000037687","no"
442,"magenta","ENSGALG00000037687",0.0134871890142451,"ENSGALG00000037687","magenta_ENSGALG00000037687","no"
443,"brown4","ENSGALG00000037913",0.0776042998199834,"KLF10","brown4_ENSGALG00000037913","no"
444,"magenta","ENSGALG00000037913",0.0253337047474547,"KLF10","magenta_ENSGALG00000037913","no"
445,"brown4","ENSGALG00000040079",-0.0155623363853115,"ZFPM2","brown4_ENSGALG00000040079","no"
446,"magenta","ENSGALG00000040079",-0.151741915580577,"ZFPM2","magenta_ENSGALG00000040079","no"
447,"brown4","ENSGALG00000047359",0.110583915878717,"MAF1","brown4_ENSGALG00000047359","no"
448,"magenta","ENSGALG00000047359",0.0122697027982984,"MAF1","magenta_ENSGALG00000047359","no"
449,"brown4","ENSGALG00000043433",0.0656222736408751,"SCX","brown4_ENSGALG00000043433","no"
450,"magenta","ENSGALG00000043433",-0.0547975380539608,"SCX","magenta_ENSGALG00000043433","no"
451,"brown4","ENSGALG00000036821",0.0133771602827193,"HSF1","brown4_ENSGALG00000036821","no"
452,"magenta","ENSGALG00000036821",-0.00203593149867216,"HSF1","magenta_ENSGALG00000036821","no"
453,"brown4","ENSGALG00000031700",0.28228262936113,"TRPS1","brown4_ENSGALG00000031700","no"
454,"magenta","ENSGALG00000031700",0.426903421925792,"TRPS1","magenta_ENSGALG00000031700","no"
455,"brown4","ENSGALG00000043827",0.194070813397882,"ZHX2","brown4_ENSGALG00000043827","no"
456,"magenta","ENSGALG00000043827",0.26352697356451,"ZHX2","magenta_ENSGALG00000043827","no"
457,"brown4","ENSGALG00000034999",0.0494666867549672,"ZHX1","brown4_ENSGALG00000034999","no"
458,"magenta","ENSGALG00000034999",-0.0227551921783834,"ZHX1","magenta_ENSGALG00000034999","no"
459,"brown4","ENSGALG00000033631",0.334445608617647,"MYC","brown4_ENSGALG00000033631","no"
460,"magenta","ENSGALG00000033631",0.50109189391801,"MYC","magenta_ENSGALG00000033631","yes"
461,"brown4","ENSGALG00000037698",0.0171185897313361,"ZFAT","brown4_ENSGALG00000037698","no"
462,"magenta","ENSGALG00000037698",0.00684885106791529,"ZFAT","magenta_ENSGALG00000037698","no"
463,"brown4","ENSGALG00000026264",0.0374203662117975,"MAFA","brown4_ENSGALG00000026264","no"
464,"magenta","ENSGALG00000026264",-0.0396998102401333,"MAFA","magenta_ENSGALG00000026264","no"
465,"brown4","ENSGALG00000040641",0.0426259693383135,"SCRT1","brown4_ENSGALG00000040641","no"
466,"magenta","ENSGALG00000040641",-0.0181387032626903,"SCRT1","magenta_ENSGALG00000040641","no"
467,"brown4","ENSGALG00000034048",0.271655621683942,"BCL11A","brown4_ENSGALG00000034048","no"
468,"magenta","ENSGALG00000034048",0.179943779339939,"BCL11A","magenta_ENSGALG00000034048","no"
469,"brown4","ENSGALG00000007845",0.0380331673925988,"REL","brown4_ENSGALG00000007845","no"
470,"magenta","ENSGALG00000007845",0.0296273040649823,"REL","magenta_ENSGALG00000007845","no"
471,"brown4","ENSGALG00000053640",0.0123667950819975,"GZF1","brown4_ENSGALG00000053640","no"
472,"magenta","ENSGALG00000053640",-0.0185109558646206,"GZF1","magenta_ENSGALG00000053640","no"
473,"brown4","ENSGALG00000030889",0.0586273890351562,"FOXA2","brown4_ENSGALG00000030889","no"
474,"magenta","ENSGALG00000030889",0.0679722441545796,"FOXA2","magenta_ENSGALG00000030889","no"
475,"brown4","ENSGALG00000039040",-0.0571659026143807,"PAX1","brown4_ENSGALG00000039040","no"
476,"magenta","ENSGALG00000039040",-0.0364672018565081,"PAX1","magenta_ENSGALG00000039040","no"
477,"brown4","ENSGALG00000036869",-0.448338297255622,"NKX2-2","brown4_ENSGALG00000036869","no"
478,"magenta","ENSGALG00000036869",-0.294852995032261,"NKX2-2","magenta_ENSGALG00000036869","no"
479,"brown4","ENSGALG00000035835",-0.00761584726829143,"NKX2-4","brown4_ENSGALG00000035835","no"
480,"magenta","ENSGALG00000035835",-0.00824469878179874,"NKX2-4","magenta_ENSGALG00000035835","no"
481,"brown4","ENSGALG00000032029",0.0663795939569499,"SRF","brown4_ENSGALG00000032029","no"
482,"magenta","ENSGALG00000032029",0.120643965879878,"SRF","magenta_ENSGALG00000032029","no"
483,"brown4","ENSGALG00000008942",-0.174669549966283,"FOXN2","brown4_ENSGALG00000008942","no"
484,"magenta","ENSGALG00000008942",-0.166998442878636,"FOXN2","magenta_ENSGALG00000008942","no"
485,"brown4","ENSGALG00000028817",0.000359434371912396,"OTX1","brown4_ENSGALG00000028817","no"
486,"magenta","ENSGALG00000028817",0.0104578848948409,"OTX1","magenta_ENSGALG00000028817","no"
487,"brown4","ENSGALG00000041626",0.324603628934619,"MEIS1","brown4_ENSGALG00000041626","no"
488,"magenta","ENSGALG00000041626",0.375587913015088,"MEIS1","magenta_ENSGALG00000041626","no"
489,"brown4","ENSGALG00000008756",-0.00645945376858086,"PLEK","brown4_ENSGALG00000008756","no"
490,"magenta","ENSGALG00000008756",-0.00122200691505152,"PLEK","magenta_ENSGALG00000008756","no"
491,"brown4","ENSGALG00000008702",-0.0160917899170407,"OVOL2","brown4_ENSGALG00000008702","no"
492,"magenta","ENSGALG00000008702",-0.00795475823927804,"OVOL2","magenta_ENSGALG00000008702","no"
493,"brown4","ENSGALG00000037576",-0.0193911884012387,"VSX1","brown4_ENSGALG00000037576","no"
494,"magenta","ENSGALG00000037576",-0.0184097984828486,"VSX1","magenta_ENSGALG00000037576","no"
495,"brown4","ENSGALG00000041034",-0.0181880340017805,"MIA3","brown4_ENSGALG00000041034","no"
496,"magenta","ENSGALG00000041034",-0.0362849917702854,"MIA3","magenta_ENSGALG00000041034","no"
497,"brown4","ENSGALG00000037257",0.438317628125259,"HLX","brown4_ENSGALG00000037257","no"
498,"magenta","ENSGALG00000037257",0.645353538754792,"HLX","magenta_ENSGALG00000037257","yes"
499,"brown4","ENSGALG00000009645",0.0571849605374339,"ESRRG","brown4_ENSGALG00000009645","no"
500,"magenta","ENSGALG00000009645",0.0034154087002251,"ESRRG","magenta_ENSGALG00000009645","no"
501,"brown4","ENSGALG00000009791",0.330252630213834,"PROX1","brown4_ENSGALG00000009791","no"
502,"magenta","ENSGALG00000009791",-0.0472537135824337,"PROX1","magenta_ENSGALG00000009791","no"
503,"brown4","ENSGALG00000052425",-0.0684361513416514,"BATF3","brown4_ENSGALG00000052425","no"
504,"magenta","ENSGALG00000052425",-0.042609609896692,"BATF3","magenta_ENSGALG00000052425","no"
505,"brown4","ENSGALG00000049422",0.0148707647065475,"ATF3","brown4_ENSGALG00000049422","no"
506,"magenta","ENSGALG00000049422",0.0850462711811235,"ATF3","magenta_ENSGALG00000049422","no"
507,"brown4","ENSGALG00000009871",0.125078477094426,"RCOR3","brown4_ENSGALG00000009871","no"
508,"magenta","ENSGALG00000009871",0.138878410370581,"RCOR3","magenta_ENSGALG00000009871","no"
509,"brown4","ENSGALG00000009896",0.247092484325988,"TRERF1","brown4_ENSGALG00000009896","no"
510,"magenta","ENSGALG00000009896",0.336164076545636,"TRERF1","magenta_ENSGALG00000009896","no"
511,"brown4","ENSGALG00000009925",-0.00480829545599724,"MTA3","brown4_ENSGALG00000009925","no"
512,"magenta","ENSGALG00000009925",0.0468663752842262,"MTA3","magenta_ENSGALG00000009925","no"
513,"brown4","ENSGALG00000033129",-0.0262742579048689,"ZFP36L2","brown4_ENSGALG00000033129","no"
514,"magenta","ENSGALG00000033129",0.163237180152032,"ZFP36L2","magenta_ENSGALG00000033129","no"
515,"brown4","ENSGALG00000032259",-0.0266921726397726,"SIX3","brown4_ENSGALG00000032259","no"
516,"magenta","ENSGALG00000032259",-0.0114243360301193,"SIX3","magenta_ENSGALG00000032259","no"
517,"brown4","ENSGALG00000023303",0.00334027173836538,"SIX2","brown4_ENSGALG00000023303","no"
518,"magenta","ENSGALG00000023303",-0.000561614849706037,"SIX2","magenta_ENSGALG00000023303","no"
519,"brown4","ENSGALG00000010005",-0.379432010315934,"EPAS1","brown4_ENSGALG00000010005","no"
520,"magenta","ENSGALG00000010005",-0.215982429600118,"EPAS1","magenta_ENSGALG00000010005","no"
521,"brown4","ENSGALG00000010036",-0.0107366085237085,"FOSL2","brown4_ENSGALG00000010036","no"
522,"magenta","ENSGALG00000010036",0.00863461040779112,"FOSL2","magenta_ENSGALG00000010036","no"
523,"brown4","ENSGALG00000034040",0.0342362378278863,"ZNF318","brown4_ENSGALG00000034040","no"
524,"magenta","ENSGALG00000034040",-0.017727925886135,"ZNF318","magenta_ENSGALG00000034040","no"
525,"brown4","ENSGALG00000040335",0.0467959170258356,"CEBPZ","brown4_ENSGALG00000040335","no"
526,"magenta","ENSGALG00000040335",0.0855962267663091,"CEBPZ","magenta_ENSGALG00000040335","no"
527,"brown4","ENSGALG00000010630",0.0368730964664534,"AHCTF1","brown4_ENSGALG00000010630","no"
528,"magenta","ENSGALG00000010630",0.0335508852268043,"AHCTF1","magenta_ENSGALG00000010630","no"
529,"brown4","ENSGALG00000010705",0.0309718716103238,"ZBTB18","brown4_ENSGALG00000010705","no"
530,"magenta","ENSGALG00000010705",0.00669224637730185,"ZBTB18","magenta_ENSGALG00000010705","no"
531,"brown4","ENSGALG00000034003",0.0657093806236292,"ARID4B","brown4_ENSGALG00000034003","no"
532,"magenta","ENSGALG00000034003",-0.0010866383478316,"ARID4B","magenta_ENSGALG00000034003","no"
533,"brown4","ENSGALG00000011489",-0.0153675689499039,"TBXT","brown4_ENSGALG00000011489","no"
534,"magenta","ENSGALG00000011489",-0.0333786395482045,"TBXT","magenta_ENSGALG00000011489","no"
535,"brown4","ENSGALG00000012966",-0.00912489010052671,"ZBTB2","brown4_ENSGALG00000012966","no"
536,"magenta","ENSGALG00000012966",0.0153949593282284,"ZBTB2","magenta_ENSGALG00000012966","no"
537,"brown4","ENSGALG00000012973",-0.00349226862921081,"ESR1","brown4_ENSGALG00000012973","no"
538,"magenta","ENSGALG00000012973",0.0110045333867466,"ESR1","magenta_ENSGALG00000012973","no"
539,"brown4","ENSGALG00000013647",0.0412906841235247,"TFB1M","brown4_ENSGALG00000013647","no"
540,"magenta","ENSGALG00000013647",0.0413638958587144,"TFB1M","magenta_ENSGALG00000013647","no"
541,"brown4","ENSGALG00000013683",0.0918831009596983,"ARID1B","brown4_ENSGALG00000013683","no"
542,"magenta","ENSGALG00000013683",0.00190280203553621,"ARID1B","magenta_ENSGALG00000013683","no"
543,"brown4","ENSGALG00000037377",0.0902694762886984,"TULP4","brown4_ENSGALG00000037377","no"
544,"magenta","ENSGALG00000037377",-0.029698302861776,"TULP4","magenta_ENSGALG00000037377","no"
545,"brown4","ENSGALG00000013754",-0.00199017991041104,"PLAGL1","brown4_ENSGALG00000013754","no"
546,"magenta","ENSGALG00000013754",0.0114394192370623,"PLAGL1","magenta_ENSGALG00000013754","no"
547,"brown4","ENSGALG00000013795",0.145636749192306,"HIVEP2","brown4_ENSGALG00000013795","no"
548,"magenta","ENSGALG00000013795",0.0966617414897077,"HIVEP2","magenta_ENSGALG00000013795","no"
549,"brown4","ENSGALG00000013861",0.0240473899302165,"TNFAIP3","brown4_ENSGALG00000013861","no"
550,"magenta","ENSGALG00000013861",0.0238271872053986,"TNFAIP3","magenta_ENSGALG00000013861","no"
551,"brown4","ENSGALG00000013935",0.100691976786381,"BCLAF1","brown4_ENSGALG00000013935","no"
552,"magenta","ENSGALG00000013935",0.0459666368249816,"BCLAF1","magenta_ENSGALG00000013935","no"
553,"brown4","ENSGALG00000013956",0.107644088955471,"MYB","brown4_ENSGALG00000013956","no"
554,"magenta","ENSGALG00000013956",0.178978038763277,"MYB","magenta_ENSGALG00000013956","no"
555,"brown4","ENSGALG00000034030",0.0794020565161975,"L3MBTL3","brown4_ENSGALG00000034030","no"
556,"magenta","ENSGALG00000034030",-0.0323138542232692,"L3MBTL3","magenta_ENSGALG00000034030","no"
557,"brown4","ENSGALG00000034716",0.058347017282098,"HEY2","brown4_ENSGALG00000034716","no"
558,"magenta","ENSGALG00000034716",0.133330814674453,"HEY2","magenta_ENSGALG00000034716","no"
559,"brown4","ENSGALG00000038420",0.114344062452436,"HSF2","brown4_ENSGALG00000038420","no"
560,"magenta","ENSGALG00000038420",0.017936922693544,"HSF2","magenta_ENSGALG00000038420","no"
561,"brown4","ENSGALG00000014940",0.0668003908142816,"ZUP1","brown4_ENSGALG00000014940","no"
562,"magenta","ENSGALG00000014940",0.0773877267778768,"ZUP1","magenta_ENSGALG00000014940","no"
563,"brown4","ENSGALG00000015231",-0.0573229078570604,"ZBTB24","brown4_ENSGALG00000015231","no"
564,"magenta","ENSGALG00000015231",-0.0596375498867194,"ZBTB24","magenta_ENSGALG00000015231","no"
565,"brown4","ENSGALG00000015297",-0.171368452403494,"ENSGALG00000015297","brown4_ENSGALG00000015297","no"
566,"magenta","ENSGALG00000015297",-0.136014527667608,"ENSGALG00000015297","magenta_ENSGALG00000015297","no"
567,"brown4","ENSGALG00000015305",-0.00370693775102206,"NR2E1","brown4_ENSGALG00000015305","no"
568,"magenta","ENSGALG00000015305",-0.00267343174028875,"NR2E1","magenta_ENSGALG00000015305","no"
569,"brown4","ENSGALG00000015388",-0.0634810912642326,"PRDM1","brown4_ENSGALG00000015388","no"
570,"magenta","ENSGALG00000015388",-0.0244289492548927,"PRDM1","magenta_ENSGALG00000015388","no"
571,"brown4","ENSGALG00000026761",0.0911628154988089,"LIN28B","brown4_ENSGALG00000026761","no"
572,"magenta","ENSGALG00000026761",0.0531046751137607,"LIN28B","magenta_ENSGALG00000026761","no"
573,"brown4","ENSGALG00000015466",0.000142447027122839,"SIM1","brown4_ENSGALG00000015466","no"
574,"magenta","ENSGALG00000015466",-0.00968189276622584,"SIM1","magenta_ENSGALG00000015466","no"
575,"brown4","ENSGALG00000038476",0.0111232979565204,"PRDM13","brown4_ENSGALG00000038476","no"
576,"magenta","ENSGALG00000038476",-0.0185537242747593,"PRDM13","magenta_ENSGALG00000038476","no"
577,"brown4","ENSGALG00000015605",-0.0108424835502398,"BACH2","brown4_ENSGALG00000015605","no"
578,"magenta","ENSGALG00000015605",-0.0451240376203607,"BACH2","magenta_ENSGALG00000015605","no"
579,"brown4","ENSGALG00000035472",0.101777733874827,"ZNF292","brown4_ENSGALG00000035472","no"
580,"magenta","ENSGALG00000035472",0.069855517975038,"ZNF292","magenta_ENSGALG00000035472","no"
581,"brown4","ENSGALG00000032789",-0.0588535818755037,"TBX18","brown4_ENSGALG00000032789","no"
582,"magenta","ENSGALG00000032789",-0.0145916121756634,"TBX18","magenta_ENSGALG00000032789","no"
583,"brown4","ENSGALG00000016282",0.0358279869493509,"ZNF451","brown4_ENSGALG00000016282","no"
584,"magenta","ENSGALG00000016282",0.00233225993909489,"ZNF451","magenta_ENSGALG00000016282","no"
585,"brown4","ENSGALG00000016316",0.0156654739934165,"GCM1","brown4_ENSGALG00000016316","no"
586,"magenta","ENSGALG00000016316",0.00556265339121213,"GCM1","magenta_ENSGALG00000016316","no"
587,"brown4","ENSGALG00000016384",0.245261194013146,"MYT1L","brown4_ENSGALG00000016384","no"
588,"magenta","ENSGALG00000016384",-0.153783643426851,"MYT1L","magenta_ENSGALG00000016384","no"
589,"brown4","ENSGALG00000035016",0.115242581797173,"ID2","brown4_ENSGALG00000035016","no"
590,"magenta","ENSGALG00000035016",0.0690708588938214,"ID2","magenta_ENSGALG00000035016","no"
591,"brown4","ENSGALG00000038495",0.0223090760268697,"TAF1B","brown4_ENSGALG00000038495","no"
592,"magenta","ENSGALG00000038495",0.0285208842480619,"TAF1B","magenta_ENSGALG00000038495","no"
593,"brown4","ENSGALG00000016440",-0.0184997941195398,"KLF11","brown4_ENSGALG00000016440","no"
594,"magenta","ENSGALG00000016440",0.0346879193174068,"KLF11","magenta_ENSGALG00000016440","no"
595,"brown4","ENSGALG00000016454",0.130645549736807,"E2F6","brown4_ENSGALG00000016454","no"
596,"magenta","ENSGALG00000016454",0.0546640841885562,"E2F6","magenta_ENSGALG00000016454","no"
597,"brown4","ENSGALG00000016462",-0.0850200558089143,"MYCN","brown4_ENSGALG00000016462","no"
598,"magenta","ENSGALG00000016462",-0.0862386848879621,"MYCN","magenta_ENSGALG00000016462","no"
599,"brown4","ENSGALG00000016469",-0.000811333142132255,"MSGN1","brown4_ENSGALG00000016469","no"
600,"magenta","ENSGALG00000016469",0.0131161363207218,"MSGN1","magenta_ENSGALG00000016469","no"
601,"brown4","ENSGALG00000016473",-0.00825020531666089,"OSR1","brown4_ENSGALG00000016473","no"
602,"magenta","ENSGALG00000016473",-0.00356634138273375,"OSR1","magenta_ENSGALG00000016473","no"
603,"brown4","ENSGALG00000016506",0.0394007904178117,"ZNF512","brown4_ENSGALG00000016506","no"
604,"magenta","ENSGALG00000016506",0.0798406563427851,"ZNF512","magenta_ENSGALG00000016506","no"
605,"brown4","ENSGALG00000016516",0.0116697080826901,"ZNF513","brown4_ENSGALG00000016516","no"
606,"magenta","ENSGALG00000016516",0.00841300434930631,"ZNF513","magenta_ENSGALG00000016516","no"
607,"brown4","ENSGALG00000016617",0.0843800126247049,"NCOA1","brown4_ENSGALG00000016617","no"
608,"magenta","ENSGALG00000016617",0.0155469508596943,"NCOA1","magenta_ENSGALG00000016617","no"
609,"brown4","ENSGALG00000034140",-0.0183580702722688,"ZNF395","brown4_ENSGALG00000034140","no"
610,"magenta","ENSGALG00000034140",-0.012160013418312,"ZNF395","magenta_ENSGALG00000034140","no"
611,"brown4","ENSGALG00000016633",0.0144072627815412,"HMBOX1","brown4_ENSGALG00000016633","no"
612,"magenta","ENSGALG00000016633",-0.00759032986612229,"HMBOX1","magenta_ENSGALG00000016633","no"
613,"brown4","ENSGALG00000041296",-0.0110512011593929,"ENSGALG00000041296","brown4_ENSGALG00000041296","no"
614,"magenta","ENSGALG00000041296",0.00428316123566915,"ENSGALG00000041296","magenta_ENSGALG00000041296","no"
615,"brown4","ENSGALG00000016680",0.0687303782660333,"TFAP2B","brown4_ENSGALG00000016680","no"
616,"magenta","ENSGALG00000016680",-0.0496709691780284,"TFAP2B","magenta_ENSGALG00000016680","no"
617,"brown4","ENSGALG00000016704",0.0820612528516643,"CDC5L","brown4_ENSGALG00000016704","no"
618,"magenta","ENSGALG00000016704",0.062430751030311,"CDC5L","magenta_ENSGALG00000016704","no"
619,"brown4","ENSGALG00000040276",0.176757221969127,"RUNX2","brown4_ENSGALG00000040276","no"
620,"magenta","ENSGALG00000040276",0.356340689773581,"RUNX2","magenta_ENSGALG00000040276","yes"
621,"brown4","ENSGALG00000040662",0.0288763971448078,"HSF3","brown4_ENSGALG00000040662","no"
622,"magenta","ENSGALG00000040662",0.0128350850165322,"HSF3","magenta_ENSGALG00000040662","no"
623,"brown4","ENSGALG00000030879",-0.0416158990795346,"AR","brown4_ENSGALG00000030879","no"
624,"magenta","ENSGALG00000030879",-0.0369266012811895,"AR","magenta_ENSGALG00000030879","no"
625,"brown4","ENSGALG00000004093",0.00653551430465336,"TBX22","brown4_ENSGALG00000004093","no"
626,"magenta","ENSGALG00000004093",-0.00691240028460798,"TBX22","magenta_ENSGALG00000004093","no"
627,"brown4","ENSGALG00000027069",-0.0899779139411404,"TSC22D4","brown4_ENSGALG00000027069","no"
628,"magenta","ENSGALG00000027069",-0.140581716097723,"TSC22D4","magenta_ENSGALG00000027069","no"
629,"brown4","ENSGALG00000031144",0.148846590562793,"ZIC3","brown4_ENSGALG00000031144","no"
630,"magenta","ENSGALG00000031144",0.139151675797498,"ZIC3","magenta_ENSGALG00000031144","no"
631,"brown4","ENSGALG00000006886",-0.0178407022898486,"DACH2","brown4_ENSGALG00000006886","no"
632,"magenta","ENSGALG00000006886",0.00967665335042092,"DACH2","magenta_ENSGALG00000006886","no"
633,"brown4","ENSGALG00000006929",0.0685541402065854,"ZNF711","brown4_ENSGALG00000006929","no"
634,"magenta","ENSGALG00000006929",-0.0418475936809484,"ZNF711","magenta_ENSGALG00000006929","no"
635,"brown4","ENSGALG00000007041",-0.0319454081248507,"HDX","brown4_ENSGALG00000007041","no"
636,"magenta","ENSGALG00000007041",-0.0256707750320162,"HDX","magenta_ENSGALG00000007041","no"
637,"brown4","ENSGALG00000029329",0.0494522699374338,"POU3F4","brown4_ENSGALG00000029329","no"
638,"magenta","ENSGALG00000029329",0.150199872043974,"POU3F4","magenta_ENSGALG00000029329","no"
639,"brown4","ENSGALG00000034567",-0.00169609304587166,"POU4F3","brown4_ENSGALG00000034567","no"
640,"magenta","ENSGALG00000034567",-0.00771546872377791,"POU4F3","magenta_ENSGALG00000034567","no"
641,"brown4","ENSGALG00000007570",0.0218765579551838,"ENSGALG00000007570","brown4_ENSGALG00000007570","no"
642,"magenta","ENSGALG00000007570",0.0323678803635835,"ENSGALG00000007570","magenta_ENSGALG00000007570","no"
643,"brown4","ENSGALG00000037361",0.00407866932783354,"KLF8","brown4_ENSGALG00000037361","no"
644,"magenta","ENSGALG00000037361",-0.00624678446034059,"KLF8","magenta_ENSGALG00000037361","no"
645,"brown4","ENSGALG00000007656",0.00562549846777186,"ENSGALG00000007656","brown4_ENSGALG00000007656","no"
646,"magenta","ENSGALG00000007656",-0.00597457102956173,"ENSGALG00000007656","magenta_ENSGALG00000007656","no"
647,"brown4","ENSGALG00000007657",-0.0137288594942488,"CDX4","brown4_ENSGALG00000007657","no"
648,"magenta","ENSGALG00000007657",-0.00453371463521865,"CDX4","magenta_ENSGALG00000007657","no"
649,"brown4","ENSGALG00000008431",0.16804918320583,"SMARCA1","brown4_ENSGALG00000008431","no"
650,"magenta","ENSGALG00000008431",0.0409468696262637,"SMARCA1","magenta_ENSGALG00000008431","no"
651,"brown4","ENSGALG00000008611",0.0108736446044785,"ZBTB33","brown4_ENSGALG00000008611","no"
652,"magenta","ENSGALG00000008611",0.00190088501928546,"ZBTB33","magenta_ENSGALG00000008611","no"
653,"brown4","ENSGALG00000008645",-0.0131110415645473,"NKRF","brown4_ENSGALG00000008645","no"
654,"magenta","ENSGALG00000008645",0.00667487593437045,"NKRF","magenta_ENSGALG00000008645","no"
655,"brown4","ENSGALG00000009063",0.0298820084351697,"ENSGALG00000009063","brown4_ENSGALG00000009063","no"
656,"magenta","ENSGALG00000009063",0.0268965509531058,"ENSGALG00000009063","magenta_ENSGALG00000009063","no"
657,"brown4","ENSGALG00000009071",0.0891822130571216,"HMGB3","brown4_ENSGALG00000009071","no"
658,"magenta","ENSGALG00000009071",-0.0378107291256125,"HMGB3","magenta_ENSGALG00000009071","no"
659,"brown4","ENSGALG00000009168",0.0567102171055028,"AFF2","brown4_ENSGALG00000009168","no"
660,"magenta","ENSGALG00000009168",-0.0448506550818081,"AFF2","magenta_ENSGALG00000009168","no"
661,"brown4","ENSGALG00000009774",0.055244840938252,"ELF2","brown4_ENSGALG00000009774","no"
662,"magenta","ENSGALG00000009774",0.0484741234724164,"ELF2","magenta_ENSGALG00000009774","no"
663,"brown4","ENSGALG00000009913",-0.0686446599519977,"SMARCA5","brown4_ENSGALG00000009913","no"
664,"magenta","ENSGALG00000009913",-0.000112380898157085,"SMARCA5","magenta_ENSGALG00000009913","no"
665,"brown4","ENSGALG00000009977",0.264004744465714,"SMAD1","brown4_ENSGALG00000009977","no"
666,"magenta","ENSGALG00000009977",0.262285756772178,"SMAD1","magenta_ENSGALG00000009977","no"
667,"brown4","ENSGALG00000009982",0.0849101714657973,"ZNF827","brown4_ENSGALG00000009982","no"
668,"magenta","ENSGALG00000009982",0.0396819025790754,"ZNF827","magenta_ENSGALG00000009982","no"
669,"brown4","ENSGALG00000037094",0.0327553896473262,"POU4F2","brown4_ENSGALG00000037094","no"
670,"magenta","ENSGALG00000037094",-0.00706208250557082,"POU4F2","magenta_ENSGALG00000037094","no"
671,"brown4","ENSGALG00000010035",-0.145770579688652,"NR3C2","brown4_ENSGALG00000010035","no"
672,"magenta","ENSGALG00000010035",-0.0844451625046274,"NR3C2","magenta_ENSGALG00000010035","no"
673,"brown4","ENSGALG00000027562",0.0567544557514046,"PURG","brown4_ENSGALG00000027562","no"
674,"magenta","ENSGALG00000027562",-0.0206901166147775,"PURG","magenta_ENSGALG00000027562","no"
675,"brown4","ENSGALG00000031960",-0.0476855150244909,"LEF1","brown4_ENSGALG00000031960","no"
676,"magenta","ENSGALG00000031960",-0.0438562019833043,"LEF1","magenta_ENSGALG00000031960","no"
677,"brown4","ENSGALG00000010592",-0.115043336569242,"TET2","brown4_ENSGALG00000010592","no"
678,"magenta","ENSGALG00000010592",-0.10517174774418,"TET2","magenta_ENSGALG00000010592","no"
679,"brown4","ENSGALG00000010642",-0.0314734513093949,"IRF2","brown4_ENSGALG00000010642","no"
680,"magenta","ENSGALG00000010642",0.0207241736922015,"IRF2","magenta_ENSGALG00000010642","no"
681,"brown4","ENSGALG00000010719",-0.0453804194140125,"NEIL3","brown4_ENSGALG00000010719","no"
682,"magenta","ENSGALG00000010719",-0.0108998872614692,"NEIL3","magenta_ENSGALG00000010719","no"
683,"brown4","ENSGALG00000010745",-0.0615476176478585,"HMGB2","brown4_ENSGALG00000010745","no"
684,"magenta","ENSGALG00000010745",0.0535769807856095,"HMGB2","magenta_ENSGALG00000010745","no"
685,"brown4","ENSGALG00000030530",0.0294818948868589,"HAND2","brown4_ENSGALG00000030530","no"
686,"magenta","ENSGALG00000030530",0.0374951818087887,"HAND2","magenta_ENSGALG00000030530","no"
687,"brown4","ENSGALG00000038372",0.271012866676122,"PRDM8","brown4_ENSGALG00000038372","no"
688,"magenta","ENSGALG00000038372",-0.150246048477963,"PRDM8","magenta_ENSGALG00000038372","no"
689,"brown4","ENSGALG00000043935",-0.0399718845758914,"AFF1","brown4_ENSGALG00000043935","no"
690,"magenta","ENSGALG00000043935",-0.0630828884972267,"AFF1","magenta_ENSGALG00000043935","no"
691,"brown4","ENSGALG00000044141",0.00327983815012213,"THAP9","brown4_ENSGALG00000044141","no"
692,"magenta","ENSGALG00000044141",0.0189755743482727,"THAP9","magenta_ENSGALG00000044141","no"
693,"brown4","ENSGALG00000032545",-0.167924656277189,"NKX6-1","brown4_ENSGALG00000032545","no"
694,"magenta","ENSGALG00000032545",-0.0967094438335016,"NKX6-1","magenta_ENSGALG00000032545","no"
695,"brown4","ENSGALG00000011404",0.22272735699012,"HOPX","brown4_ENSGALG00000011404","no"
696,"magenta","ENSGALG00000011404",0.310447744129739,"HOPX","magenta_ENSGALG00000011404","no"
697,"brown4","ENSGALG00000011963",-0.0207325295512292,"PRDM5","brown4_ENSGALG00000011963","no"
698,"magenta","ENSGALG00000011963",0.00254540130603724,"PRDM5","magenta_ENSGALG00000011963","no"
699,"brown4","ENSGALG00000012068",0.0449110717852254,"ENSGALG00000012068","brown4_ENSGALG00000012068","no"
700,"magenta","ENSGALG00000012068",0.00729058138917694,"ENSGALG00000012068","magenta_ENSGALG00000012068","no"
701,"brown4","ENSGALG00000042492",0.00730506082035268,"PITX2","brown4_ENSGALG00000042492","no"
702,"magenta","ENSGALG00000042492",-0.00763588238880084,"PITX2","magenta_ENSGALG00000042492","no"
703,"brown4","ENSGALG00000012304",-0.0711745499200399,"NFKB1","brown4_ENSGALG00000012304","no"
704,"magenta","ENSGALG00000012304",-0.0410663104717274,"NFKB1","magenta_ENSGALG00000012304","no"
705,"brown4","ENSGALG00000013793",-0.00764137410181278,"CLOCK","brown4_ENSGALG00000013793","no"
706,"magenta","ENSGALG00000013793",-0.0080068026524014,"CLOCK","magenta_ENSGALG00000013793","no"
707,"brown4","ENSGALG00000035943",-0.0157101135618812,"GSX2","brown4_ENSGALG00000035943","no"
708,"magenta","ENSGALG00000035943",-0.00857976540000966,"GSX2","magenta_ENSGALG00000035943","no"
709,"brown4","ENSGALG00000014138",0.0156438743037704,"NFXL1","brown4_ENSGALG00000014138","no"
710,"magenta","ENSGALG00000014138",-0.0199315912183802,"NFXL1","magenta_ENSGALG00000014138","no"
711,"brown4","ENSGALG00000014250",-0.0119732159408606,"PHOX2B","brown4_ENSGALG00000014250","no"
712,"magenta","ENSGALG00000014250",-0.00669101834763065,"PHOX2B","magenta_ENSGALG00000014250","no"
713,"brown4","ENSGALG00000041717",-0.0975814068307524,"KLF3","brown4_ENSGALG00000041717","no"
714,"magenta","ENSGALG00000041717",-0.0699390306275001,"KLF3","magenta_ENSGALG00000041717","no"
715,"brown4","ENSGALG00000044225",0.0162526113896981,"ENSGALG00000044225","brown4_ENSGALG00000044225","no"
716,"magenta","ENSGALG00000044225",0.00175482317392234,"ENSGALG00000044225","magenta_ENSGALG00000044225","no"
717,"brown4","ENSGALG00000014365",-0.0034418994347564,"RBPJ","brown4_ENSGALG00000014365","no"
718,"magenta","ENSGALG00000014365",-0.000662528097660082,"RBPJ","magenta_ENSGALG00000014365","no"
719,"brown4","ENSGALG00000036621",-0.00308035482672051,"ZCCHC4","brown4_ENSGALG00000036621","no"
720,"magenta","ENSGALG00000036621",-0.0112065280267191,"ZCCHC4","magenta_ENSGALG00000036621","no"
721,"brown4","ENSGALG00000014421",-0.065443048447533,"LCORL","brown4_ENSGALG00000014421","no"
722,"magenta","ENSGALG00000014421",-0.0929185256340329,"LCORL","magenta_ENSGALG00000014421","no"
723,"brown4","ENSGALG00000031859",-0.0291588559508547,"NKX3-2","brown4_ENSGALG00000031859","no"
724,"magenta","ENSGALG00000031859",-0.0107344079207675,"NKX3-2","magenta_ENSGALG00000031859","no"
725,"brown4","ENSGALG00000014954",0.0815309711923183,"ZNF518B","brown4_ENSGALG00000014954","no"
726,"magenta","ENSGALG00000014954",0.00221353399082655,"ZNF518B","magenta_ENSGALG00000014954","no"
727,"brown4","ENSGALG00000015000",0.0479638069259695,"LYAR","brown4_ENSGALG00000015000","no"
728,"magenta","ENSGALG00000015000",0.162671362567514,"LYAR","magenta_ENSGALG00000015000","no"
729,"brown4","ENSGALG00000015009",0.0060182158207781,"ZBTB49","brown4_ENSGALG00000015009","no"
730,"magenta","ENSGALG00000015009",-0.0004707529410818,"ZBTB49","magenta_ENSGALG00000015009","no"
731,"brown4","ENSGALG00000015013",0.320215067433984,"MSX1","brown4_ENSGALG00000015013","no"
732,"magenta","ENSGALG00000015013",0.405931989767197,"MSX1","magenta_ENSGALG00000015013","yes"
733,"brown4","ENSGALG00000015547",0.0839273866570355,"TADA2B","brown4_ENSGALG00000015547","no"
734,"magenta","ENSGALG00000015547",0.0532952815543196,"TADA2B","magenta_ENSGALG00000015547","no"
735,"brown4","ENSGALG00000015599",0.00745210824013802,"SOHO-1","brown4_ENSGALG00000015599","no"
736,"magenta","ENSGALG00000015599",0.00239370880605087,"SOHO-1","magenta_ENSGALG00000015599","no"
737,"brown4","ENSGALG00000015688",0.0241896283578894,"MXD4","brown4_ENSGALG00000015688","no"
738,"magenta","ENSGALG00000015688",0.0478931791837136,"MXD4","magenta_ENSGALG00000015688","no"
739,"brown4","ENSGALG00000015705",-0.0181424597220945,"ENSGALG00000015705","brown4_ENSGALG00000015705","no"
740,"magenta","ENSGALG00000015705",-0.0106475388957,"ENSGALG00000015705","magenta_ENSGALG00000015705","no"
741,"brown4","ENSGALG00000035650",0.0158715830036216,"NKX1-1","brown4_ENSGALG00000035650","no"
742,"magenta","ENSGALG00000035650",-0.00373776283025769,"NKX1-1","magenta_ENSGALG00000035650","no"
743,"brown4","ENSGALG00000033083",0.154279304660885,"ATOH8","brown4_ENSGALG00000033083","no"
744,"magenta","ENSGALG00000033083",-0.0550179942349559,"ATOH8","magenta_ENSGALG00000033083","no"
745,"brown4","ENSGALG00000046009",-0.0168565855255761,"ENSGALG00000046009","brown4_ENSGALG00000046009","no"
746,"magenta","ENSGALG00000046009",-0.00747595915121052,"ENSGALG00000046009","magenta_ENSGALG00000046009","no"
747,"brown4","ENSGALG00000016001",0.0388224117609035,"LZTS3","brown4_ENSGALG00000016001","no"
748,"magenta","ENSGALG00000016001",-0.0265318855535153,"LZTS3","magenta_ENSGALG00000016001","no"
749,"brown4","ENSGALG00000016086",0.0216087417505326,"EGR4","brown4_ENSGALG00000016086","no"
750,"magenta","ENSGALG00000016086",0.0294378961119094,"EGR4","magenta_ENSGALG00000016086","no"
751,"brown4","ENSGALG00000039477",0.0964881750226218,"FBXO41","brown4_ENSGALG00000039477","no"
752,"magenta","ENSGALG00000039477",-0.10413341877834,"FBXO41","magenta_ENSGALG00000039477","no"
753,"brown4","ENSGALG00000035981",0.00586056084379374,"NOTO","brown4_ENSGALG00000035981","no"
754,"magenta","ENSGALG00000035981",0.0169223303548207,"NOTO","magenta_ENSGALG00000035981","no"
755,"brown4","ENSGALG00000047979",-0.01808710687303,"EBF4","brown4_ENSGALG00000047979","no"
756,"magenta","ENSGALG00000047979",0.0322669406271681,"EBF4","magenta_ENSGALG00000047979","no"
757,"brown4","ENSGALG00000033770",0.022210440756271,"ENSGALG00000033770","brown4_ENSGALG00000033770","no"
758,"magenta","ENSGALG00000033770",-0.0397915669526125,"ENSGALG00000033770","magenta_ENSGALG00000033770","no"
759,"brown4","ENSGALG00000035751",0.0155813551404404,"ONECUT2","brown4_ENSGALG00000035751","no"
760,"magenta","ENSGALG00000035751",-0.0190707648500788,"ONECUT2","magenta_ENSGALG00000035751","no"
761,"brown4","ENSGALG00000041052",0.0472921398899426,"ENSGALG00000041052","brown4_ENSGALG00000041052","no"
762,"magenta","ENSGALG00000041052",-0.0277541951960948,"ENSGALG00000041052","magenta_ENSGALG00000041052","no"
763,"brown4","ENSGALG00000033279",-0.0112283826811716,"RAX","brown4_ENSGALG00000033279","no"
764,"magenta","ENSGALG00000033279",-0.0123912935095002,"RAX","magenta_ENSGALG00000033279","no"
765,"brown4","ENSGALG00000037160",0.00548127679747365,"ENSGALG00000037160","brown4_ENSGALG00000037160","no"
766,"magenta","ENSGALG00000037160",-0.0209361418700046,"ENSGALG00000037160","magenta_ENSGALG00000037160","no"
767,"brown4","ENSGALG00000033408",0.0541139813974744,"ZBTB7C","brown4_ENSGALG00000033408","no"
768,"magenta","ENSGALG00000033408",0.0254476530410769,"ZBTB7C","magenta_ENSGALG00000033408","no"
769,"brown4","ENSGALG00000036001",0.0344924916094807,"SMAD2Z","brown4_ENSGALG00000036001","no"
770,"magenta","ENSGALG00000036001",0.0306693638332962,"SMAD2Z","magenta_ENSGALG00000036001","no"
771,"brown4","ENSGALG00000039434",0.0344251832854012,"PIAS2","brown4_ENSGALG00000039434","no"
772,"magenta","ENSGALG00000039434",-0.0202326837325526,"PIAS2","magenta_ENSGALG00000039434","no"
773,"brown4","ENSGALG00000036775",0.150417232381637,"SETBP1","brown4_ENSGALG00000036775","no"
774,"magenta","ENSGALG00000036775",-0.0832734621425667,"SETBP1","magenta_ENSGALG00000036775","no"
775,"brown4","ENSGALG00000005839",0.000884845454819162,"ARID3C","brown4_ENSGALG00000005839","no"
776,"magenta","ENSGALG00000005839",-0.000874299516321625,"ARID3C","magenta_ENSGALG00000005839","no"
777,"brown4","ENSGALG00000002523",0.0534822826431404,"CREB3","brown4_ENSGALG00000002523","no"
778,"magenta","ENSGALG00000002523",0.0451330268149484,"CREB3","magenta_ENSGALG00000002523","no"
779,"brown4","ENSGALG00000003248",-0.0222465291012376,"SUB1","brown4_ENSGALG00000003248","no"
780,"magenta","ENSGALG00000003248",-0.0507992492711048,"SUB1","magenta_ENSGALG00000003248","no"
781,"brown4","ENSGALG00000003387",0.00665581358891022,"ENSGALG00000003387","brown4_ENSGALG00000003387","no"
782,"magenta","ENSGALG00000003387",-0.0266147271375293,"ENSGALG00000003387","magenta_ENSGALG00000003387","no"
783,"brown4","ENSGALG00000014859",-0.0279411487969989,"ZNF131","brown4_ENSGALG00000014859","no"
784,"magenta","ENSGALG00000014859",-0.0170852196723044,"ZNF131","magenta_ENSGALG00000014859","no"
785,"brown4","ENSGALG00000014884",0.0117088079292164,"ISL1","brown4_ENSGALG00000014884","no"
786,"magenta","ENSGALG00000014884",-0.0138291570760876,"ISL1","magenta_ENSGALG00000014884","no"
787,"brown4","ENSGALG00000014721",0.0308651899024629,"ENSGALG00000014721","brown4_ENSGALG00000014721","no"
788,"magenta","ENSGALG00000014721",-0.00329509526678925,"ENSGALG00000014721","magenta_ENSGALG00000014721","no"
789,"brown4","ENSGALG00000014724",-0.0052399869839697,"ENSGALG00000014724","brown4_ENSGALG00000014724","no"
790,"magenta","ENSGALG00000014724",0.0062536797838415,"ENSGALG00000014724","magenta_ENSGALG00000014724","no"
791,"brown4","ENSGALG00000026744",0.0386299959973273,"OTP","brown4_ENSGALG00000026744","no"
792,"magenta","ENSGALG00000026744",-0.0286572822079685,"OTP","magenta_ENSGALG00000026744","no"
793,"brown4","ENSGALG00000015008",-0.0187169420266246,"ZNF366","brown4_ENSGALG00000015008","no"
794,"magenta","ENSGALG00000015008",-0.0115338247070257,"ZNF366","magenta_ENSGALG00000015008","no"
795,"brown4","ENSGALG00000010160",-0.0368965674653026,"DMRT1","brown4_ENSGALG00000010160","no"
796,"magenta","ENSGALG00000010160",-0.0146826009555101,"DMRT1","magenta_ENSGALG00000010160","no"
797,"brown4","ENSGALG00000010161",0.0109472271806136,"DMRT3","brown4_ENSGALG00000010161","no"
798,"magenta","ENSGALG00000010161",0.000580088371578908,"DMRT3","magenta_ENSGALG00000010161","no"
799,"brown4","ENSGALG00000026790",0.0125124651135736,"DMRT2","brown4_ENSGALG00000026790","no"
800,"magenta","ENSGALG00000026790",-0.00972611144511023,"DMRT2","magenta_ENSGALG00000026790","no"
801,"brown4","ENSGALG00000010179",0.114744295135804,"RFX3","brown4_ENSGALG00000010179","no"
802,"magenta","ENSGALG00000010179",0.105092438331754,"RFX3","magenta_ENSGALG00000010179","no"
803,"brown4","ENSGALG00000010180",0.0808726143190194,"GLIS3","brown4_ENSGALG00000010180","no"
804,"magenta","ENSGALG00000010180",0.104098718356341,"GLIS3","magenta_ENSGALG00000010180","no"
805,"brown4","ENSGALG00000005441",0.24162271721594,"NFIB","brown4_ENSGALG00000005441","no"
806,"magenta","ENSGALG00000005441",0.0291188851050262,"NFIB","magenta_ENSGALG00000005441","no"
807,"brown4","ENSGALG00000015101",0.0572109563226779,"BNC2","brown4_ENSGALG00000015101","no"
808,"magenta","ENSGALG00000015101",0.0464409385605232,"BNC2","magenta_ENSGALG00000015101","no"
809,"brown4","ENSGALG00000015144",0.0860658570809065,"ZFAND5","brown4_ENSGALG00000015144","no"
810,"magenta","ENSGALG00000015144",-0.0590254416046684,"ZFAND5","magenta_ENSGALG00000015144","no"
811,"brown4","ENSGALG00000015150",0.0196081613989003,"RORB","brown4_ENSGALG00000015150","no"
812,"magenta","ENSGALG00000015150",-0.0156032653816363,"RORB","magenta_ENSGALG00000015150","no"
813,"brown4","ENSGALG00000012629",-0.0147059324634457,"ZNF367","brown4_ENSGALG00000012629","no"
814,"magenta","ENSGALG00000012629",0.040547338948787,"ZNF367","magenta_ENSGALG00000012629","no"
815,"brown4","ENSGALG00000015209",0.139172277835517,"NFIL3","brown4_ENSGALG00000015209","no"
816,"magenta","ENSGALG00000015209",0.0245577478702163,"NFIL3","magenta_ENSGALG00000015209","no"
817,"brown4","ENSGALG00000015385",0.0300799336765796,"THAP1","brown4_ENSGALG00000015385","no"
818,"magenta","ENSGALG00000015385",0.0455083267041347,"THAP1","magenta_ENSGALG00000015385","no"
819,"brown4","ENSGALG00000015391",0.0485148291096987,"ENSGALG00000015391","brown4_ENSGALG00000015391","no"
820,"magenta","ENSGALG00000015391",-0.015873900668169,"ENSGALG00000015391","magenta_ENSGALG00000015391","no"
821,"brown4","ENSGALG00000054131",0.0586029425613691,"TAL2","brown4_ENSGALG00000054131","no"
822,"magenta","ENSGALG00000054131",0.0178195566313898,"TAL2","magenta_ENSGALG00000054131","no"
823,"brown4","ENSGALG00000015451",0.149570595598259,"ZNF462","brown4_ENSGALG00000015451","no"
824,"magenta","ENSGALG00000015451",0.047417758033702,"ZNF462","magenta_ENSGALG00000015451","no"
825,"brown4","ENSGALG00000026928",0.023760301170021,"ENSGALG00000026928","brown4_ENSGALG00000026928","no"
826,"magenta","ENSGALG00000026928",0.0316663895869883,"ENSGALG00000026928","magenta_ENSGALG00000026928","no"
827,"brown4","ENSGALG00000027907",0.0602028087010526,"NR2F1","brown4_ENSGALG00000027907","no"
828,"magenta","ENSGALG00000027907",0.0401657385241568,"NR2F1","magenta_ENSGALG00000027907","no"
829,"brown4","ENSGALG00000014645",-0.0313988977862648,"MEF2C","brown4_ENSGALG00000014645","no"
830,"magenta","ENSGALG00000014645",-0.0275360708426448,"MEF2C","magenta_ENSGALG00000014645","no"
831,"brown4","ENSGALG00000028998",0.0936742108701995,"XPA","brown4_ENSGALG00000028998","no"
832,"magenta","ENSGALG00000028998",0.0842044940723546,"XPA","magenta_ENSGALG00000028998","no"
833,"brown4","ENSGALG00000002439",0.0686414192115248,"BDP1","brown4_ENSGALG00000002439","no"
834,"magenta","ENSGALG00000002439",0.0477031540242688,"BDP1","magenta_ENSGALG00000002439","no"
835,"brown4","ENSGALG00000005016",0.117782146283647,"ZNF608","brown4_ENSGALG00000005016","no"
836,"magenta","ENSGALG00000005016",0.0490087569821351,"ZNF608","magenta_ENSGALG00000005016","no"
837,"brown4","ENSGALG00000005351",0.0826121512022318,"PRDM6","brown4_ENSGALG00000005351","no"
838,"magenta","ENSGALG00000005351",0.0672193018353982,"PRDM6","magenta_ENSGALG00000005351","no"
839,"brown4","ENSGALG00000005354",0.0212537533534598,"ZBTB5","brown4_ENSGALG00000005354","no"
840,"magenta","ENSGALG00000005354",-0.0247182507953239,"ZBTB5","magenta_ENSGALG00000005354","no"
841,"brown4","ENSGALG00000016431",0.00480856076199462,"PAX5","brown4_ENSGALG00000016431","no"
842,"magenta","ENSGALG00000016431",-0.0128493528200566,"PAX5","magenta_ENSGALG00000016431","no"
843,"brown4","ENSGALG00000041253",-0.198827273730132,"MYRF","brown4_ENSGALG00000041253","no"
844,"magenta","ENSGALG00000041253",-0.119407474456439,"MYRF","magenta_ENSGALG00000041253","no"
845,"brown4","ENSGALG00000032249",-0.0139667242582657,"MAX","brown4_ENSGALG00000032249","no"
846,"magenta","ENSGALG00000032249",-0.020497315077249,"MAX","magenta_ENSGALG00000032249","no"
847,"brown4","ENSGALG00000042309",0.0150517573443626,"CHURC1","brown4_ENSGALG00000042309","no"
848,"magenta","ENSGALG00000042309",0.156672491857339,"CHURC1","magenta_ENSGALG00000042309","no"
849,"brown4","ENSGALG00000034225",-0.0309698759881885,"DEAF1","brown4_ENSGALG00000034225","no"
850,"magenta","ENSGALG00000034225",-0.0304340906701116,"DEAF1","magenta_ENSGALG00000034225","no"
851,"brown4","ENSGALG00000041299",-0.105410514666698,"E2F8","brown4_ENSGALG00000041299","no"
852,"magenta","ENSGALG00000041299",-0.0167197445542671,"E2F8","magenta_ENSGALG00000041299","no"
853,"brown4","ENSGALG00000003965",0.00288505471699752,"LEUTX","brown4_ENSGALG00000003965","no"
854,"magenta","ENSGALG00000003965",-0.00259316697275338,"LEUTX","magenta_ENSGALG00000003965","no"
855,"brown4","ENSGALG00000012123",0.0709041251829778,"PAX6","brown4_ENSGALG00000012123","no"
856,"magenta","ENSGALG00000012123",0.122241143492314,"PAX6","magenta_ENSGALG00000012123","no"
857,"brown4","ENSGALG00000012115",0.0308251418883034,"WT1","brown4_ENSGALG00000012115","no"
858,"magenta","ENSGALG00000012115",0.0255870708685258,"WT1","magenta_ENSGALG00000012115","no"
859,"brown4","ENSGALG00000005378",0.00484403570907711,"ARNTL","brown4_ENSGALG00000005378","no"
860,"magenta","ENSGALG00000005378",-0.0106627156297208,"ARNTL","magenta_ENSGALG00000005378","no"
861,"brown4","ENSGALG00000005415",0.107989037924398,"TEAD1","brown4_ENSGALG00000005415","no"
862,"magenta","ENSGALG00000005415",0.11557098087159,"TEAD1","magenta_ENSGALG00000005415","no"
863,"brown4","ENSGALG00000005787",0.0209369546528836,"ZNF143","brown4_ENSGALG00000005787","no"
864,"magenta","ENSGALG00000005787",0.0148850154381354,"ZNF143","magenta_ENSGALG00000005787","no"
865,"brown4","ENSGALG00000036725",-0.00092310256964651,"ASCL3","brown4_ENSGALG00000036725","no"
866,"magenta","ENSGALG00000036725",-0.0122292579306046,"ASCL3","magenta_ENSGALG00000036725","no"
867,"brown4","ENSGALG00000005986",-0.15422341645684,"TUB","brown4_ENSGALG00000005986","no"
868,"magenta","ENSGALG00000005986",-0.106282722418983,"TUB","magenta_ENSGALG00000005986","no"
869,"brown4","ENSGALG00000006074",-0.357519529670504,"SOX6","brown4_ENSGALG00000006074","no"
870,"magenta","ENSGALG00000006074",-0.220647271038582,"SOX6","magenta_ENSGALG00000006074","no"
871,"brown4","ENSGALG00000006216",-0.00891806469057384,"MYOD1","brown4_ENSGALG00000006216","no"
872,"magenta","ENSGALG00000006216",-0.022427302321851,"MYOD1","magenta_ENSGALG00000006216","no"
873,"brown4","ENSGALG00000030492",-0.0195971482042843,"ASCL2","brown4_ENSGALG00000030492","no"
874,"magenta","ENSGALG00000030492",-0.0171294882280189,"ASCL2","magenta_ENSGALG00000030492","no"
875,"brown4","ENSGALG00000014297",-0.0673498983659614,"IRF7","brown4_ENSGALG00000014297","no"
876,"magenta","ENSGALG00000014297",-0.0460103619106433,"IRF7","magenta_ENSGALG00000014297","no"
877,"brown4","ENSGALG00000007287",0.0600265809924157,"ENSGALG00000007287","brown4_ENSGALG00000007287","no"
878,"magenta","ENSGALG00000007287",0.0454673319428731,"ENSGALG00000007287","magenta_ENSGALG00000007287","no"
879,"brown4","ENSGALG00000007520",-0.0154300261234424,"SSRP1","brown4_ENSGALG00000007520","no"
880,"magenta","ENSGALG00000007520",0.115144364778194,"SSRP1","magenta_ENSGALG00000007520","no"
881,"brown4","ENSGALG00000007817",0.0149990238770822,"EHF","brown4_ENSGALG00000007817","no"
882,"magenta","ENSGALG00000007817",0.011020343413334,"EHF","magenta_ENSGALG00000007817","no"
883,"brown4","ENSGALG00000007938",0.00622939546809601,"RAG1","brown4_ENSGALG00000007938","no"
884,"magenta","ENSGALG00000007938",0.0153806795685191,"RAG1","magenta_ENSGALG00000007938","no"
885,"brown4","ENSGALG00000032584",0.00618753065665603,"ALX4","brown4_ENSGALG00000032584","no"
886,"magenta","ENSGALG00000032584",0.0049058599895053,"ALX4","magenta_ENSGALG00000032584","no"
887,"brown4","ENSGALG00000008053",-0.0097573373337381,"PRDM11","brown4_ENSGALG00000008053","no"
888,"magenta","ENSGALG00000008053",0.0138029185337263,"PRDM11","magenta_ENSGALG00000008053","no"
889,"brown4","ENSGALG00000008127",-0.0574431387238303,"SPI1","brown4_ENSGALG00000008127","no"
890,"magenta","ENSGALG00000008127",-0.0377808502069045,"SPI1","magenta_ENSGALG00000008127","no"
891,"brown4","ENSGALG00000038059",-0.0336143828902122,"NR1H3","brown4_ENSGALG00000038059","no"
892,"magenta","ENSGALG00000038059",0.0354019220779797,"NR1H3","magenta_ENSGALG00000038059","no"
893,"brown4","ENSGALG00000008393",0.0256112803426132,"CREB3L1","brown4_ENSGALG00000008393","no"
894,"magenta","ENSGALG00000008393",-0.00160600445022897,"CREB3L1","magenta_ENSGALG00000008393","no"
895,"brown4","ENSGALG00000008653",-0.0102933205154395,"MGA","brown4_ENSGALG00000008653","no"
896,"magenta","ENSGALG00000008653",-0.0290064688550689,"MGA","magenta_ENSGALG00000008653","no"
897,"brown4","ENSGALG00000009081",0.0397242358096949,"ZNF106","brown4_ENSGALG00000009081","no"
898,"magenta","ENSGALG00000009081",0.0440588899857302,"ZNF106","magenta_ENSGALG00000009081","no"
899,"brown4","ENSGALG00000009282",0.0314916080928066,"MIDEAS","brown4_ENSGALG00000009282","no"
900,"magenta","ENSGALG00000009282",0.0770966913648522,"MIDEAS","magenta_ENSGALG00000009282","no"
901,"brown4","ENSGALG00000009352",0.326711303825782,"DPF3","brown4_ENSGALG00000009352","no"
902,"magenta","ENSGALG00000009352",0.179115777762471,"DPF3","magenta_ENSGALG00000009352","no"
903,"brown4","ENSGALG00000039228",-0.00242079720292074,"ZFP36L1","brown4_ENSGALG00000039228","no"
904,"magenta","ENSGALG00000039228",0.0615903092746933,"ZFP36L1","magenta_ENSGALG00000039228","no"
905,"brown4","ENSGALG00000039118",0.0803864166580464,"MEIS2","brown4_ENSGALG00000039118","no"
906,"magenta","ENSGALG00000039118",0.0795183098871021,"MEIS2","magenta_ENSGALG00000039118","no"
907,"brown4","ENSGALG00000009817",0.0176486072380427,"ZNF770","brown4_ENSGALG00000009817","no"
908,"magenta","ENSGALG00000009817",-0.01019864267041,"ZNF770","magenta_ENSGALG00000009817","no"
909,"brown4","ENSGALG00000036364",-0.0154462317328038,"FOXG1","brown4_ENSGALG00000036364","no"
910,"magenta","ENSGALG00000036364",-0.00862916618934279,"FOXG1","magenta_ENSGALG00000036364","no"
911,"brown4","ENSGALG00000029022",-0.138833114013867,"NPAS3","brown4_ENSGALG00000029022","no"
912,"magenta","ENSGALG00000029022",-0.084637687345113,"NPAS3","magenta_ENSGALG00000029022","no"
913,"brown4","ENSGALG00000010030",-0.164974060618222,"ENSGALG00000010030","brown4_ENSGALG00000010030","no"
914,"magenta","ENSGALG00000010030",-0.0968575571912799,"ENSGALG00000010030","magenta_ENSGALG00000010030","no"
915,"brown4","ENSGALG00000033647",-0.174954291490706,"ENSGALG00000033647","brown4_ENSGALG00000033647","no"
916,"magenta","ENSGALG00000033647",-0.133340155063357,"ENSGALG00000033647","magenta_ENSGALG00000033647","no"
917,"brown4","ENSGALG00000053937",0.0101112258978225,"INSM2","brown4_ENSGALG00000053937","no"
918,"magenta","ENSGALG00000053937",-0.00278688101017567,"INSM2","magenta_ENSGALG00000053937","no"
919,"brown4","ENSGALG00000037632",-0.00828334877767167,"NKX2-1","brown4_ENSGALG00000037632","no"
920,"magenta","ENSGALG00000037632",0.000613671863161409,"NKX2-1","magenta_ENSGALG00000037632","no"
921,"brown4","ENSGALG00000028483",0.00304561167040256,"NKX2-8","brown4_ENSGALG00000028483","no"
922,"magenta","ENSGALG00000028483",0.0228538437950921,"NKX2-8","magenta_ENSGALG00000028483","no"
923,"brown4","ENSGALG00000010114",0.019655720928507,"PAX9","brown4_ENSGALG00000010114","no"
924,"magenta","ENSGALG00000010114",0.0237871194793522,"PAX9","magenta_ENSGALG00000010114","no"
925,"brown4","ENSGALG00000032713",0.0339205625231223,"FOXA1","brown4_ENSGALG00000032713","no"
926,"magenta","ENSGALG00000032713",0.0389116925102137,"FOXA1","magenta_ENSGALG00000032713","no"
927,"brown4","ENSGALG00000010193",0.0346759600604951,"ZNF410","brown4_ENSGALG00000010193","no"
928,"magenta","ENSGALG00000010193",0.00452177690440356,"ZNF410","magenta_ENSGALG00000010193","no"
929,"brown4","ENSGALG00000033517",0.0148671010478311,"VSX2","brown4_ENSGALG00000033517","no"
930,"magenta","ENSGALG00000033517",-0.00859746850169786,"VSX2","magenta_ENSGALG00000033517","no"
931,"brown4","ENSGALG00000028037",0.156851170792605,"FOS","brown4_ENSGALG00000028037","no"
932,"magenta","ENSGALG00000028037",0.447463216848423,"FOS","magenta_ENSGALG00000028037","yes"
933,"brown4","ENSGALG00000010322",0.133576062294676,"JDP2","brown4_ENSGALG00000010322","no"
934,"magenta","ENSGALG00000010322",0.168758590118147,"JDP2","magenta_ENSGALG00000010322","no"
935,"brown4","ENSGALG00000010323",0.0124653787822866,"BATF","brown4_ENSGALG00000010323","no"
936,"magenta","ENSGALG00000010323",0.0238203216491651,"BATF","magenta_ENSGALG00000010323","no"
937,"brown4","ENSGALG00000041775",0.00323742833513379,"ESRRB","brown4_ENSGALG00000041775","no"
938,"magenta","ENSGALG00000041775",-0.0035932020076334,"ESRRB","magenta_ENSGALG00000041775","no"
939,"brown4","ENSGALG00000010665",0.0197128877285467,"FOXN3","brown4_ENSGALG00000010665","no"
940,"magenta","ENSGALG00000010665",-0.0576856938133788,"FOXN3","magenta_ENSGALG00000010665","no"
941,"brown4","ENSGALG00000010974",-0.00766530947798901,"GSC","brown4_ENSGALG00000010974","no"
942,"magenta","ENSGALG00000010974",-0.00747595151340616,"GSC","magenta_ENSGALG00000010974","no"
943,"brown4","ENSGALG00000031862",0.0163405472239989,"BCL11B","brown4_ENSGALG00000031862","no"
944,"magenta","ENSGALG00000031862",-0.252034624428334,"BCL11B","magenta_ENSGALG00000031862","no"
945,"brown4","ENSGALG00000017388",0.0327065354619214,"YY2","brown4_ENSGALG00000017388","no"
946,"magenta","ENSGALG00000017388",0.0193226102995232,"YY2","magenta_ENSGALG00000017388","no"
947,"brown4","ENSGALG00000011384",0.00927385971793261,"RCOR1","brown4_ENSGALG00000011384","no"
948,"magenta","ENSGALG00000011384",0.0179785206651995,"RCOR1","magenta_ENSGALG00000011384","no"
949,"brown4","ENSGALG00000011718",0.0264460151768904,"ZBTB1","brown4_ENSGALG00000011718","no"
950,"magenta","ENSGALG00000011718",0.0206267543423248,"ZBTB1","magenta_ENSGALG00000011718","no"
951,"brown4","ENSGALG00000028942",0.0695521838928187,"ZBTB25","brown4_ENSGALG00000028942","no"
952,"magenta","ENSGALG00000028942",0.0976256161857145,"ZBTB25","magenta_ENSGALG00000028942","no"
953,"brown4","ENSGALG00000011801",0.0220825619718188,"ESR2","brown4_ENSGALG00000011801","no"
954,"magenta","ENSGALG00000011801",0.00639677455595068,"ESR2","magenta_ENSGALG00000011801","no"
955,"brown4","ENSGALG00000011870",0.0667378642710801,"HIF1A","brown4_ENSGALG00000011870","no"
956,"magenta","ENSGALG00000011870",0.07568780952987,"HIF1A","magenta_ENSGALG00000011870","no"
957,"brown4","ENSGALG00000017389",-0.0059299729382224,"SIX4","brown4_ENSGALG00000017389","no"
958,"magenta","ENSGALG00000017389",0.00895362447625189,"SIX4","magenta_ENSGALG00000017389","no"
959,"brown4","ENSGALG00000029401",-0.0314935967467971,"SIX1","brown4_ENSGALG00000029401","no"
960,"magenta","ENSGALG00000029401",-0.00736529821439569,"SIX1","magenta_ENSGALG00000029401","no"
961,"brown4","ENSGALG00000020359",-0.0101067279853834,"SIX6","brown4_ENSGALG00000020359","no"
962,"magenta","ENSGALG00000020359",-0.00380526827783653,"SIX6","magenta_ENSGALG00000020359","no"
963,"brown4","ENSGALG00000012037",0.10056921408065,"ARID4A","brown4_ENSGALG00000012037","no"
964,"magenta","ENSGALG00000012037",0.0497934440631751,"ARID4A","magenta_ENSGALG00000012037","no"
965,"brown4","ENSGALG00000034889",0.0358011934617088,"OTX2","brown4_ENSGALG00000034889","no"
966,"magenta","ENSGALG00000034889",0.0312019041055417,"OTX2","magenta_ENSGALG00000034889","no"
967,"brown4","ENSGALG00000012199",-0.0893611855993058,"WDHD1","brown4_ENSGALG00000012199","no"
968,"magenta","ENSGALG00000012199",-0.0197292300589366,"WDHD1","magenta_ENSGALG00000012199","no"
969,"brown4","ENSGALG00000012452",-0.103312200115606,"MIS18BP1","brown4_ENSGALG00000012452","no"
970,"magenta","ENSGALG00000012452",-0.0184792420723104,"MIS18BP1","magenta_ENSGALG00000012452","no"
971,"brown4","ENSGALG00000034011",0.0245440312802425,"PMS1","brown4_ENSGALG00000034011","no"
972,"magenta","ENSGALG00000034011",-0.0116635239231314,"PMS1","magenta_ENSGALG00000034011","no"
973,"brown4","ENSGALG00000003136",-0.120151472134931,"IKZF2","brown4_ENSGALG00000003136","no"
974,"magenta","ENSGALG00000003136",-0.0754538507733932,"IKZF2","magenta_ENSGALG00000003136","no"
975,"brown4","ENSGALG00000003862",0.0699428810662567,"LRRFIP1","brown4_ENSGALG00000003862","no"
976,"magenta","ENSGALG00000003862",-0.0715374838824553,"LRRFIP1","magenta_ENSGALG00000003862","no"
977,"brown4","ENSGALG00000013342",-0.0282492824830167,"GBX2","brown4_ENSGALG00000013342","no"
978,"magenta","ENSGALG00000013342",-0.0718733491729873,"GBX2","magenta_ENSGALG00000013342","no"
979,"brown4","ENSGALG00000004274",-7.74422426687341e-05,"TWIST2","brown4_ENSGALG00000004274","no"
980,"magenta","ENSGALG00000004274",0.050128659370449,"TWIST2","magenta_ENSGALG00000004274","no"
981,"brown4","ENSGALG00000007651",-0.0242995315644433,"STAT1","brown4_ENSGALG00000007651","no"
982,"magenta","ENSGALG00000007651",0.0332303583745148,"STAT1","magenta_ENSGALG00000007651","no"
983,"brown4","ENSGALG00000008135",0.189249463245682,"SATB2","brown4_ENSGALG00000008135","no"
984,"magenta","ENSGALG00000008135",0.280498906778406,"SATB2","magenta_ENSGALG00000008135","no"
985,"brown4","ENSGALG00000008474",0.0438735343217491,"CARF","brown4_ENSGALG00000008474","no"
986,"magenta","ENSGALG00000008474",-0.0144053204178352,"CARF","magenta_ENSGALG00000008474","no"
987,"brown4","ENSGALG00000008494",0.0295800821357226,"CREB1","brown4_ENSGALG00000008494","no"
988,"magenta","ENSGALG00000008494",-0.0190564483495897,"CREB1","magenta_ENSGALG00000008494","no"
989,"brown4","ENSGALG00000008501",0.127710543893971,"KLF7","brown4_ENSGALG00000008501","no"
990,"magenta","ENSGALG00000008501",0.00650566074392905,"KLF7","magenta_ENSGALG00000008501","no"
991,"brown4","ENSGALG00000008908",0.093125532353451,"NEUROD1","brown4_ENSGALG00000008908","no"
992,"magenta","ENSGALG00000008908",-0.0498557376499282,"NEUROD1","magenta_ENSGALG00000008908","no"
993,"brown4","ENSGALG00000009240",0.110286543405532,"NFE2L2","brown4_ENSGALG00000009240","no"
994,"magenta","ENSGALG00000009240",0.242067792457625,"NFE2L2","magenta_ENSGALG00000009240","no"
995,"brown4","ENSGALG00000023420",0.590297582761919,"HOXD3","brown4_ENSGALG00000023420","yes"
996,"magenta","ENSGALG00000023420",0.469694702391927,"HOXD3","magenta_ENSGALG00000023420","no"
997,"brown4","ENSGALG00000023419",0.460684124131685,"HOXD4","brown4_ENSGALG00000023419","no"
998,"magenta","ENSGALG00000023419",0.559022367007802,"HOXD4","magenta_ENSGALG00000023419","yes"
999,"brown4","ENSGALG00000037272",0.416992204610578,"HOXD8","brown4_ENSGALG00000037272","no"
1000,"magenta","ENSGALG00000037272",0.567012610109305,"HOXD8","magenta_ENSGALG00000037272","no"
1001,"brown4","ENSGALG00000027513",0.274164061293836,"HOXD9","brown4_ENSGALG00000027513","no"
1002,"magenta","ENSGALG00000027513",0.285826216172212,"HOXD9","magenta_ENSGALG00000027513","yes"
1003,"brown4","ENSGALG00000009270",0.520807831190963,"HOXD10","brown4_ENSGALG00000009270","yes"
1004,"magenta","ENSGALG00000009270",0.389360434905107,"HOXD10","magenta_ENSGALG00000009270","no"
1005,"brown4","ENSGALG00000039629",0.560122434771481,"HOXD11","brown4_ENSGALG00000039629","yes"
1006,"magenta","ENSGALG00000039629",0.375445145803306,"HOXD11","magenta_ENSGALG00000039629","no"
1007,"brown4","ENSGALG00000009274",0.102155501960898,"HOXD12","brown4_ENSGALG00000009274","no"
1008,"magenta","ENSGALG00000009274",0.0697096397904919,"HOXD12","magenta_ENSGALG00000009274","no"
1009,"brown4","ENSGALG00000032039",0.0162864741938927,"HOXD13","brown4_ENSGALG00000032039","no"
1010,"magenta","ENSGALG00000032039",0.00720208054927626,"HOXD13","magenta_ENSGALG00000032039","no"
1011,"brown4","ENSGALG00000020768",-0.00043677152342655,"EVX2","brown4_ENSGALG00000020768","no"
1012,"magenta","ENSGALG00000020768",0.00467013974416351,"EVX2","magenta_ENSGALG00000020768","no"
1013,"brown4","ENSGALG00000009287",0.0521908800996587,"ATF2","brown4_ENSGALG00000009287","no"
1014,"magenta","ENSGALG00000009287",-0.0120386400277106,"ATF2","magenta_ENSGALG00000009287","no"
1015,"brown4","ENSGALG00000043079",0.00909004589454069,"SP9","brown4_ENSGALG00000043079","no"
1016,"magenta","ENSGALG00000043079",0.00127151164004252,"SP9","magenta_ENSGALG00000043079","no"
1017,"brown4","ENSGALG00000031796",0.0256110418030895,"SP3","brown4_ENSGALG00000031796","no"
1018,"magenta","ENSGALG00000031796",0.00116019367234335,"SP3","magenta_ENSGALG00000031796","no"
1019,"brown4","ENSGALG00000039436",0.00811552841327071,"DLX2","brown4_ENSGALG00000039436","no"
1020,"magenta","ENSGALG00000039436",-0.00360071911905533,"DLX2","magenta_ENSGALG00000039436","no"
1021,"brown4","ENSGALG00000018439",0.0233064700847539,"DLX1","brown4_ENSGALG00000018439","no"
1022,"magenta","ENSGALG00000018439",-0.0102253446421746,"DLX1","magenta_ENSGALG00000018439","no"
1023,"brown4","ENSGALG00000034094",-0.0320643575472583,"SP5","brown4_ENSGALG00000034094","no"
1024,"magenta","ENSGALG00000034094",-0.0349256575458732,"SP5","magenta_ENSGALG00000034094","no"
1025,"brown4","ENSGALG00000010902",0.298002781997476,"CERS6","brown4_ENSGALG00000010902","no"
1026,"magenta","ENSGALG00000010902",0.0779005100867874,"CERS6","magenta_ENSGALG00000010902","no"
1027,"brown4","ENSGALG00000010971",0.192172074659934,"CSRNP3","brown4_ENSGALG00000010971","no"
1028,"magenta","ENSGALG00000010971",-0.0855144872517941,"CSRNP3","magenta_ENSGALG00000010971","no"
1029,"brown4","ENSGALG00000036378",0.0240318895536765,"TBR1","brown4_ENSGALG00000036378","no"
1030,"magenta","ENSGALG00000036378",0.015521754285794,"TBR1","magenta_ENSGALG00000036378","no"
1031,"brown4","ENSGALG00000011349",0.00413670386735523,"ENSGALG00000011349","brown4_ENSGALG00000011349","no"
1032,"magenta","ENSGALG00000011349",-0.0087145675629751,"ENSGALG00000011349","magenta_ENSGALG00000011349","no"
1033,"brown4","ENSGALG00000026698",-0.00438814655078226,"FEV","brown4_ENSGALG00000026698","no"
1034,"magenta","ENSGALG00000026698",-0.00837647739810356,"FEV","magenta_ENSGALG00000026698","no"
1035,"brown4","ENSGALG00000011393",0.0450582460902232,"ZNF142","brown4_ENSGALG00000011393","no"
1036,"magenta","ENSGALG00000011393",0.0325678393884171,"ZNF142","magenta_ENSGALG00000011393","no"
1037,"brown4","ENSGALG00000011475",-0.0624480431215237,"RPL37A","brown4_ENSGALG00000011475","no"
1038,"magenta","ENSGALG00000011475",0.0941238072401519,"RPL37A","magenta_ENSGALG00000011475","no"
1039,"brown4","ENSGALG00000011630",-0.00151074541470453,"GLI2","brown4_ENSGALG00000011630","no"
1040,"magenta","ENSGALG00000011630",0.0333140618043412,"GLI2","magenta_ENSGALG00000011630","no"
1041,"brown4","ENSGALG00000011635",-0.0241023482926263,"TFCP2L1","brown4_ENSGALG00000011635","no"
1042,"magenta","ENSGALG00000011635",-0.0282804375466035,"TFCP2L1","magenta_ENSGALG00000011635","no"
1043,"brown4","ENSGALG00000012049",0.011979709005339,"ZNF148","brown4_ENSGALG00000012049","no"
1044,"magenta","ENSGALG00000012049",-0.0358782665289556,"ZNF148","magenta_ENSGALG00000012049","no"
1045,"brown4","ENSGALG00000042389",0.025099311004584,"EN1","brown4_ENSGALG00000042389","no"
1046,"magenta","ENSGALG00000042389",0.00451860568167104,"EN1","magenta_ENSGALG00000042389","no"
1047,"brown4","ENSGALG00000040465",-0.109456881660073,"ZEB2","brown4_ENSGALG00000040465","no"
1048,"magenta","ENSGALG00000040465",-0.185911765873038,"ZEB2","magenta_ENSGALG00000040465","no"
1049,"brown4","ENSGALG00000012449",-0.0241387493841702,"MBD5","brown4_ENSGALG00000012449","no"
1050,"magenta","ENSGALG00000012449",-0.0104991837296901,"MBD5","magenta_ENSGALG00000012449","no"
1051,"brown4","ENSGALG00000012538",0.0244254153805493,"NR4A2","brown4_ENSGALG00000012538","no"
1052,"magenta","ENSGALG00000012538",0.0186945761530307,"NR4A2","magenta_ENSGALG00000012538","no"
1053,"brown4","ENSGALG00000012579",0.0899619083476524,"BAZ2B","brown4_ENSGALG00000012579","no"
1054,"magenta","ENSGALG00000012579",-0.0410558588784516,"BAZ2B","magenta_ENSGALG00000012579","no"
1055,"brown4","ENSGALG00000002686",0.0153921915862081,"ECD","brown4_ENSGALG00000002686","no"
1056,"magenta","ENSGALG00000002686",-0.0129231852500376,"ECD","magenta_ENSGALG00000002686","no"
1057,"brown4","ENSGALG00000002703",-0.0172439314605073,"TFAM","brown4_ENSGALG00000002703","no"
1058,"magenta","ENSGALG00000002703",0.0489671286917076,"TFAM","magenta_ENSGALG00000002703","no"
1059,"brown4","ENSGALG00000040971",-0.103865588452901,"EGR2","brown4_ENSGALG00000040971","no"
1060,"magenta","ENSGALG00000040971",-0.0235523882198195,"EGR2","magenta_ENSGALG00000040971","no"
1061,"brown4","ENSGALG00000002967",-0.0131383525090592,"ZNF365","brown4_ENSGALG00000002967","no"
1062,"magenta","ENSGALG00000002967",-0.0108385262245137,"ZNF365","magenta_ENSGALG00000002967","no"
1063,"brown4","ENSGALG00000031534",0.0191786848215236,"ARID5B","brown4_ENSGALG00000031534","no"
1064,"magenta","ENSGALG00000031534",0.0109445504410309,"ARID5B","magenta_ENSGALG00000031534","no"
1065,"brown4","ENSGALG00000003533",-0.000668897538257483,"ZNF511","brown4_ENSGALG00000003533","no"
1066,"magenta","ENSGALG00000003533",-0.0159790069780243,"ZNF511","magenta_ENSGALG00000003533","no"
1067,"brown4","ENSGALG00000052760",-0.00741789556750207,"ATOH7","brown4_ENSGALG00000052760","no"
1068,"magenta","ENSGALG00000052760",0.0033393414032398,"ATOH7","magenta_ENSGALG00000052760","no"
1069,"brown4","ENSGALG00000004850",0.132568286592706,"ZMIZ1","brown4_ENSGALG00000004850","no"
1070,"magenta","ENSGALG00000004850",0.0329538184111485,"ZMIZ1","magenta_ENSGALG00000004850","no"
1071,"brown4","ENSGALG00000051505",0.254477651287351,"ZNF503","brown4_ENSGALG00000051505","no"
1072,"magenta","ENSGALG00000051505",0.363558577877678,"ZNF503","magenta_ENSGALG00000051505","no"
1073,"brown4","ENSGALG00000005613",0.0362691326866468,"ENSGALG00000005613","brown4_ENSGALG00000005613","no"
1074,"magenta","ENSGALG00000005613",0.0542067765223925,"ENSGALG00000005613","magenta_ENSGALG00000005613","no"
1075,"brown4","ENSGALG00000005653",-0.00326933339714956,"NFKB2","brown4_ENSGALG00000005653","no"
1076,"magenta","ENSGALG00000005653",0.00457468002274739,"NFKB2","magenta_ENSGALG00000005653","no"
1077,"brown4","ENSGALG00000005689",0.218341053416704,"PAX2","brown4_ENSGALG00000005689","no"
1078,"magenta","ENSGALG00000005689",-0.136917904547904,"PAX2","magenta_ENSGALG00000005689","no"
1079,"brown4","ENSGALG00000005975",-0.3675506266148,"ZNF488","brown4_ENSGALG00000005975","no"
1080,"magenta","ENSGALG00000005975",-0.24246485219366,"ZNF488","magenta_ENSGALG00000005975","no"
1081,"brown4","ENSGALG00000030822",0.0435685105266359,"DRGX","brown4_ENSGALG00000030822","no"
1082,"magenta","ENSGALG00000030822",-0.0318950780977586,"DRGX","magenta_ENSGALG00000030822","no"
1083,"brown4","ENSGALG00000030008",-0.0984399024766362,"HHEX","brown4_ENSGALG00000030008","no"
1084,"magenta","ENSGALG00000030008",-0.0483824013035342,"HHEX","magenta_ENSGALG00000030008","no"
1085,"brown4","ENSGALG00000006966",-0.00896986017507642,"ZNF518A","brown4_ENSGALG00000006966","no"
1086,"magenta","ENSGALG00000006966",0.0225199406282484,"ZNF518A","magenta_ENSGALG00000006966","no"
1087,"brown4","ENSGALG00000028512",-0.0548561908416888,"LCOR","brown4_ENSGALG00000028512","no"
1088,"magenta","ENSGALG00000028512",-0.0397466070983942,"LCOR","magenta_ENSGALG00000028512","no"
1089,"brown4","ENSGALG00000034189",0.0594517397529842,"LBX1","brown4_ENSGALG00000034189","no"
1090,"magenta","ENSGALG00000034189",-0.0357947797908004,"LBX1","magenta_ENSGALG00000034189","no"
1091,"brown4","ENSGALG00000007831",0.00117193620103068,"TLX1","brown4_ENSGALG00000007831","no"
1092,"magenta","ENSGALG00000007831",-0.0120977042277978,"TLX1","magenta_ENSGALG00000007831","no"
1093,"brown4","ENSGALG00000023612",-0.00844471999456014,"LZTS2","brown4_ENSGALG00000023612","no"
1094,"magenta","ENSGALG00000023612",0.00189099240187429,"LZTS2","magenta_ENSGALG00000023612","no"
1095,"brown4","ENSGALG00000008555",0.0566866041606285,"MXI1","brown4_ENSGALG00000008555","no"
1096,"magenta","ENSGALG00000008555",0.00558741844220402,"MXI1","magenta_ENSGALG00000008555","no"
1097,"brown4","ENSGALG00000008883",-0.363059971413803,"TCF7L2","brown4_ENSGALG00000008883","no"
1098,"magenta","ENSGALG00000008883",-0.175817619656878,"TCF7L2","magenta_ENSGALG00000008883","no"
1099,"brown4","ENSGALG00000009261",-0.0114515748023614,"VAX1","brown4_ENSGALG00000009261","no"
1100,"magenta","ENSGALG00000009261",-0.00289253632146828,"VAX1","magenta_ENSGALG00000009261","no"
1101,"brown4","ENSGALG00000009302",-0.0266921726397726,"EMX2","brown4_ENSGALG00000009302","no"
1102,"magenta","ENSGALG00000009302",-0.00803910734272238,"EMX2","magenta_ENSGALG00000009302","no"
1103,"brown4","ENSGALG00000032289",0.0112665387128733,"IKZF5","brown4_ENSGALG00000032289","no"
1104,"magenta","ENSGALG00000032289",0.0230526774879861,"IKZF5","magenta_ENSGALG00000032289","no"
1105,"brown4","ENSGALG00000023415",0.0157043512568806,"HMX3","brown4_ENSGALG00000023415","no"
1106,"magenta","ENSGALG00000023415",-0.00704258607289489,"HMX3","magenta_ENSGALG00000023415","no"
1107,"brown4","ENSGALG00000030875",0.0160319753083313,"HMX2","brown4_ENSGALG00000030875","no"
1108,"magenta","ENSGALG00000030875",-0.00415495023974557,"HMX2","magenta_ENSGALG00000030875","no"
1109,"brown4","ENSGALG00000050402",0.00296461983110882,"NKX1-2","brown4_ENSGALG00000050402","no"
1110,"magenta","ENSGALG00000050402",0.00352548034811853,"NKX1-2","magenta_ENSGALG00000050402","no"
1111,"brown4","ENSGALG00000010461",0.298056185204953,"EBF3","brown4_ENSGALG00000010461","no"
1112,"magenta","ENSGALG00000010461",-0.172958396875238,"EBF3","magenta_ENSGALG00000010461","no"
1113,"brown4","ENSGALG00000010500",-0.190188722503614,"NKX6-2","brown4_ENSGALG00000010500","no"
1114,"magenta","ENSGALG00000010500",-0.143308369667572,"NKX6-2","magenta_ENSGALG00000010500","no"
1115,"brown4","ENSGALG00000017376",-0.0679371697148345,"ENSGALG00000017376","brown4_ENSGALG00000017376","no"
1116,"magenta","ENSGALG00000017376",-0.0522840838597109,"ENSGALG00000017376","magenta_ENSGALG00000017376","no"
1117,"brown4","ENSGALG00000002182",0.0111949390752463,"NR5A2","brown4_ENSGALG00000002182","no"
1118,"magenta","ENSGALG00000002182",-0.01360907056125,"NR5A2","magenta_ENSGALG00000002182","no"
1119,"brown4","ENSGALG00000002223",0.0151262773938256,"LHX9","brown4_ENSGALG00000002223","no"
1120,"magenta","ENSGALG00000002223",-0.000957120780516435,"LHX9","magenta_ENSGALG00000002223","no"
1121,"brown4","ENSGALG00000002305",0.0599057692710635,"ZBTB41","brown4_ENSGALG00000002305","no"
1122,"magenta","ENSGALG00000002305",-0.031515702070577,"ZBTB41","magenta_ENSGALG00000002305","no"
1123,"brown4","ENSGALG00000032278",0.0289872557456384,"ATF6","brown4_ENSGALG00000032278","no"
1124,"magenta","ENSGALG00000032278",-0.0181220696923485,"ATF6","magenta_ENSGALG00000032278","no"
1125,"brown4","ENSGALG00000002803",0.0238719683288033,"MTA1","brown4_ENSGALG00000002803","no"
1126,"magenta","ENSGALG00000002803",-0.0147437722096669,"MTA1","magenta_ENSGALG00000002803","no"
1127,"brown4","ENSGALG00000003324",0.0173718650495734,"PRRX1","brown4_ENSGALG00000003324","no"
1128,"magenta","ENSGALG00000003324",-0.0137533749677361,"PRRX1","magenta_ENSGALG00000003324","no"
1129,"brown4","ENSGALG00000040730",-0.0186888683353248,"RXRG","brown4_ENSGALG00000040730","no"
1130,"magenta","ENSGALG00000040730",0.00202743576091104,"RXRG","magenta_ENSGALG00000040730","no"
1131,"brown4","ENSGALG00000003424",0.28744446180121,"LMX1A","brown4_ENSGALG00000003424","no"
1132,"magenta","ENSGALG00000003424",0.387004580381593,"LMX1A","magenta_ENSGALG00000003424","no"
1133,"brown4","ENSGALG00000003429",0.267077777800761,"PBX1","brown4_ENSGALG00000003429","no"
1134,"magenta","ENSGALG00000003429",0.499820062409382,"PBX1","magenta_ENSGALG00000003429","no"
1135,"brown4","ENSGALG00000004597",0.00503360279089486,"ZBTB37","brown4_ENSGALG00000004597","no"
1136,"magenta","ENSGALG00000004597",-0.0131733014589925,"ZBTB37","magenta_ENSGALG00000004597","no"
1137,"brown4","ENSGALG00000034253",-0.0442459618457434,"ZNF644","brown4_ENSGALG00000034253","no"
1138,"magenta","ENSGALG00000034253",-0.0278746253119173,"ZNF644","magenta_ENSGALG00000034253","no"
1139,"brown4","ENSGALG00000040069",0.00782307891983136,"BARHL2","brown4_ENSGALG00000040069","no"
1140,"magenta","ENSGALG00000040069",-0.00686407141824602,"BARHL2","magenta_ENSGALG00000040069","no"
1141,"brown4","ENSGALG00000006113",0.0315599950534386,"ZNF326","brown4_ENSGALG00000006113","no"
1142,"magenta","ENSGALG00000006113",0.0109551735918749,"ZNF326","magenta_ENSGALG00000006113","no"
1143,"brown4","ENSGALG00000008988",0.0302877888916868,"ZZZ3","brown4_ENSGALG00000008988","no"
1144,"magenta","ENSGALG00000008988",-0.00937038334456963,"ZZZ3","magenta_ENSGALG00000008988","no"
1145,"brown4","ENSGALG00000010228",-0.00060969932789522,"TOE1","brown4_ENSGALG00000010228","no"
1146,"magenta","ENSGALG00000010228",0.0259073297925886,"TOE1","magenta_ENSGALG00000010228","no"
1147,"brown4","ENSGALG00000010276",-0.0121527244350744,"GPBP1L1","brown4_ENSGALG00000010276","no"
1148,"magenta","ENSGALG00000010276",0.00557820543619686,"GPBP1L1","magenta_ENSGALG00000010276","no"
1149,"brown4","ENSGALG00000010356",-0.0368697552466842,"RAD54L","brown4_ENSGALG00000010356","no"
1150,"magenta","ENSGALG00000010356",0.0187711186549543,"RAD54L","magenta_ENSGALG00000010356","no"
1151,"brown4","ENSGALG00000023296",-0.0873825920741712,"TAL1","brown4_ENSGALG00000023296","no"
1152,"magenta","ENSGALG00000023296",-0.0490531824353229,"TAL1","magenta_ENSGALG00000023296","no"
1153,"brown4","ENSGALG00000028153",-0.01394141064147,"ENSGALG00000028153","brown4_ENSGALG00000028153","no"
1154,"magenta","ENSGALG00000028153",-0.00423303532582659,"ENSGALG00000028153","magenta_ENSGALG00000028153","no"
1155,"brown4","ENSGALG00000031423",-0.0501566971809486,"DMRTA2","brown4_ENSGALG00000031423","no"
1156,"magenta","ENSGALG00000031423",-0.0807502964289779,"DMRTA2","magenta_ENSGALG00000031423","no"
1157,"brown4","ENSGALG00000010619",0.0435524422610569,"CC2D1B","brown4_ENSGALG00000010619","no"
1158,"magenta","ENSGALG00000010619",0.0684249731098684,"CC2D1B","magenta_ENSGALG00000010619","no"
1159,"brown4","ENSGALG00000029023",0.00467996776668181,"DMRTB1","brown4_ENSGALG00000029023","no"
1160,"magenta","ENSGALG00000029023",0.0151298885116226,"DMRTB1","magenta_ENSGALG00000029023","no"
1161,"brown4","ENSGALG00000010721",0.0704626620955466,"GLIS1","brown4_ENSGALG00000010721","no"
1162,"magenta","ENSGALG00000010721",0.0471104035569117,"GLIS1","magenta_ENSGALG00000010721","no"
1163,"brown4","ENSGALG00000010869",0.00514704514306636,"MYSM1","brown4_ENSGALG00000010869","no"
1164,"magenta","ENSGALG00000010869",-0.034250001739121,"MYSM1","magenta_ENSGALG00000010869","no"
1165,"brown4","ENSGALG00000010870",-0.0920181781110274,"JUN","brown4_ENSGALG00000010870","no"
1166,"magenta","ENSGALG00000010870",0.0328240395777206,"JUN","magenta_ENSGALG00000010870","no"
1167,"brown4","ENSGALG00000010924",0.403342016858715,"NFIA","brown4_ENSGALG00000010924","no"
1168,"magenta","ENSGALG00000010924",0.330053924581748,"NFIA","magenta_ENSGALG00000010924","no"
1169,"brown4","ENSGALG00000011118",-0.0145024682664978,"MIER1","brown4_ENSGALG00000011118","no"
1170,"magenta","ENSGALG00000011118",0.040040854730647,"MIER1","magenta_ENSGALG00000011118","no"
1171,"brown4","ENSGALG00000011369",0.0199379549669425,"LHX8","brown4_ENSGALG00000011369","no"
1172,"magenta","ENSGALG00000011369",-0.0059253976146567,"LHX8","magenta_ENSGALG00000011369","no"
1173,"brown4","ENSGALG00000006597",-0.0140809697672156,"ENSGALG00000006597","brown4_ENSGALG00000006597","no"
1174,"magenta","ENSGALG00000006597",6.00501621432829e-06,"ENSGALG00000006597","magenta_ENSGALG00000006597","no"
1175,"brown4","ENSGALG00000037352",0.0192575107902975,"SOX14","brown4_ENSGALG00000037352","no"
1176,"magenta","ENSGALG00000037352",-0.0130873770245047,"SOX14","magenta_ENSGALG00000037352","no"
1177,"brown4","ENSGALG00000006453",0.147227279971253,"TF","brown4_ENSGALG00000006453","no"
1178,"magenta","ENSGALG00000006453",0.191468178777212,"TF","magenta_ENSGALG00000006453","no"
1179,"brown4","ENSGALG00000006283",0.0368419510226418,"THAP4","brown4_ENSGALG00000006283","no"
1180,"magenta","ENSGALG00000006283",0.0316567838135784,"THAP4","magenta_ENSGALG00000006283","no"
1181,"brown4","ENSGALG00000005768",-0.425617555674269,"ETV5","brown4_ENSGALG00000005768","no"
1182,"magenta","ENSGALG00000005768",-0.314228137228215,"ETV5","magenta_ENSGALG00000005768","no"
1183,"brown4","ENSGALG00000028415",-0.00718429731556562,"ENSGALG00000028415","brown4_ENSGALG00000028415","no"
1184,"magenta","ENSGALG00000028415",-0.0197998796280431,"ENSGALG00000028415","magenta_ENSGALG00000028415","no"
1185,"brown4","ENSGALG00000048261",0.124230882497823,"HES6","brown4_ENSGALG00000048261","no"
1186,"magenta","ENSGALG00000048261",-0.162497597437242,"HES6","magenta_ENSGALG00000048261","no"
1187,"brown4","ENSGALG00000029282",-0.00107439760758128,"FOXL2","brown4_ENSGALG00000029282","no"
1188,"magenta","ENSGALG00000029282",0.00111871504726562,"FOXL2","magenta_ENSGALG00000029282","no"
1189,"brown4","ENSGALG00000030944",0.388953789563164,"PAX3","brown4_ENSGALG00000030944","no"
1190,"magenta","ENSGALG00000030944",0.527739434667175,"PAX3","magenta_ENSGALG00000030944","yes"
1191,"brown4","ENSGALG00000036543",0.114960245095134,"ZBTB38","brown4_ENSGALG00000036543","no"
1192,"magenta","ENSGALG00000036543",0.0303240761801142,"ZBTB38","magenta_ENSGALG00000036543","no"
1193,"brown4","ENSGALG00000025759",-0.0575042457363732,"TFDP2","brown4_ENSGALG00000025759","no"
1194,"magenta","ENSGALG00000025759",0.032382974426163,"TFDP2","magenta_ENSGALG00000025759","no"
1195,"brown4","ENSGALG00000006805",0.0552304495309985,"PLSCR1","brown4_ENSGALG00000006805","no"
1196,"magenta","ENSGALG00000006805",0.0437201584292951,"PLSCR1","magenta_ENSGALG00000006805","no"
1197,"brown4","ENSGALG00000006810",0.275847398586233,"ZIC4","brown4_ENSGALG00000006810","no"
1198,"magenta","ENSGALG00000006810",0.195782289287897,"ZIC4","magenta_ENSGALG00000006810","no"
1199,"brown4","ENSGALG00000040532",0.664030783838719,"ZIC1","brown4_ENSGALG00000040532","yes"
1200,"magenta","ENSGALG00000040532",0.411605658480056,"ZIC1","magenta_ENSGALG00000040532","no"
1201,"brown4","ENSGALG00000028015",-0.133009808435178,"HES1","brown4_ENSGALG00000028015","no"
1202,"magenta","ENSGALG00000028015",-0.0168896583670135,"HES1","magenta_ENSGALG00000028015","no"
1203,"brown4","ENSGALG00000007324",0.0229664124974853,"TP63","brown4_ENSGALG00000007324","no"
1204,"magenta","ENSGALG00000007324",0.0622293478031851,"TP63","magenta_ENSGALG00000007324","no"
1205,"brown4","ENSGALG00000007357",0.118605577419065,"BCL6","brown4_ENSGALG00000007357","no"
1206,"magenta","ENSGALG00000007357",0.186227269583976,"BCL6","magenta_ENSGALG00000007357","no"
1207,"brown4","ENSGALG00000043460",-0.236307230094087,"SOX2","brown4_ENSGALG00000043460","no"
1208,"magenta","ENSGALG00000043460",0.0220370062504376,"SOX2","magenta_ENSGALG00000043460","no"
1209,"brown4","ENSGALG00000005944",0.0409868794215364,"ZNF639","brown4_ENSGALG00000005944","no"
1210,"magenta","ENSGALG00000005944",-0.00117000914903493,"ZNF639","magenta_ENSGALG00000005944","no"
1211,"brown4","ENSGALG00000040948",0.147712593041637,"ZMAT3","brown4_ENSGALG00000040948","no"
1212,"magenta","ENSGALG00000040948",0.0267008126321724,"ZMAT3","magenta_ENSGALG00000040948","no"
1213,"brown4","ENSGALG00000009409",0.00707692911969789,"ENSGALG00000009409","brown4_ENSGALG00000009409","no"
1214,"magenta","ENSGALG00000009409",-0.00361900237906157,"ENSGALG00000009409","magenta_ENSGALG00000009409","no"
1215,"brown4","ENSGALG00000032577",0.0422398660695499,"MECOM","brown4_ENSGALG00000032577","no"
1216,"magenta","ENSGALG00000032577",0.0631025392070155,"MECOM","magenta_ENSGALG00000032577","no"
1217,"brown4","ENSGALG00000039728",0.0165577256891923,"SHOX2","brown4_ENSGALG00000039728","no"
1218,"magenta","ENSGALG00000039728",-0.00124323455022096,"SHOX2","magenta_ENSGALG00000039728","no"
1219,"brown4","ENSGALG00000027591",0.0199882832218127,"TSC22D2","brown4_ENSGALG00000027591","no"
1220,"magenta","ENSGALG00000027591",-0.00269271180524839,"TSC22D2","magenta_ENSGALG00000027591","no"
1221,"brown4","ENSGALG00000031589",0.0610190171473692,"ZNF592","brown4_ENSGALG00000031589","no"
1222,"magenta","ENSGALG00000031589",0.0342123173625472,"ZNF592","magenta_ENSGALG00000031589","no"
1223,"brown4","ENSGALG00000040087",-0.00726808940672134,"ZNF609","brown4_ENSGALG00000040087","no"
1224,"magenta","ENSGALG00000040087",-0.0869711177383527,"ZNF609","magenta_ENSGALG00000040087","no"
1225,"brown4","ENSGALG00000002150",0.220311426679739,"CPEB1","brown4_ENSGALG00000002150","no"
1226,"magenta","ENSGALG00000002150",0.0920520738567433,"CPEB1","magenta_ENSGALG00000002150","no"
1227,"brown4","ENSGALG00000001376",0.086922804829268,"ARID3B","brown4_ENSGALG00000001376","no"
1228,"magenta","ENSGALG00000001376",-0.0361852925728602,"ARID3B","magenta_ENSGALG00000001376","no"
1229,"brown4","ENSGALG00000041641",0.0458837720891708,"HMG20A","brown4_ENSGALG00000041641","no"
1230,"magenta","ENSGALG00000041641",-0.0701824780287031,"HMG20A","magenta_ENSGALG00000041641","no"
1231,"brown4","ENSGALG00000003759",0.0200057893305367,"RORA","brown4_ENSGALG00000003759","no"
1232,"magenta","ENSGALG00000003759",-0.0546216270942622,"RORA","magenta_ENSGALG00000003759","no"
1233,"brown4","ENSGALG00000026590",0.132455304707514,"KLF13","brown4_ENSGALG00000026590","no"
1234,"magenta","ENSGALG00000026590",0.157521145215718,"KLF13","magenta_ENSGALG00000026590","no"
1235,"brown4","ENSGALG00000004304",0.243581248037477,"TCF12","brown4_ENSGALG00000004304","no"
1236,"magenta","ENSGALG00000004304",0.102898419680572,"TCF12","magenta_ENSGALG00000004304","no"
1237,"brown4","ENSGALG00000037723",0.0140688120700773,"ENSGALG00000037723","brown4_ENSGALG00000037723","no"
1238,"magenta","ENSGALG00000037723",8.81493217252021e-05,"ENSGALG00000037723","magenta_ENSGALG00000037723","no"
1239,"brown4","ENSGALG00000041896",0.036173957719033,"RFX7","brown4_ENSGALG00000041896","no"
1240,"magenta","ENSGALG00000041896",-0.0356742939168999,"RFX7","magenta_ENSGALG00000041896","no"
1241,"brown4","ENSGALG00000038618",0.0257708735923606,"ONECUT1","brown4_ENSGALG00000038618","no"
1242,"magenta","ENSGALG00000038618",-0.00880525274632186,"ONECUT1","magenta_ENSGALG00000038618","no"
1243,"brown4","ENSGALG00000032546",-0.00359430027818337,"MYEF2","brown4_ENSGALG00000032546","no"
1244,"magenta","ENSGALG00000032546",-0.0051848250872168,"MYEF2","magenta_ENSGALG00000032546","no"
1245,"brown4","ENSGALG00000023440",-0.0355190889493143,"GABPB1","brown4_ENSGALG00000023440","no"
1246,"magenta","ENSGALG00000023440",-0.0137929409588196,"GABPB1","magenta_ENSGALG00000023440","no"
1247,"brown4","ENSGALG00000006445",0.149135863168812,"ARNT2","brown4_ENSGALG00000006445","no"
1248,"magenta","ENSGALG00000006445",0.0153840201548007,"ARNT2","magenta_ENSGALG00000006445","no"
1249,"brown4","ENSGALG00000006505",0.455085618656233,"ZFAND6","brown4_ENSGALG00000006505","no"
1250,"magenta","ENSGALG00000006505",0.585099658126068,"ZFAND6","magenta_ENSGALG00000006505","yes"
1251,"brown4","ENSGALG00000007000",-0.134518865988115,"NR2F2","brown4_ENSGALG00000007000","no"
1252,"magenta","ENSGALG00000007000",-0.118150035500796,"NR2F2","magenta_ENSGALG00000007000","no"
1253,"brown4","ENSGALG00000032366",-0.0327158150609648,"MEF2A","brown4_ENSGALG00000032366","no"
1254,"magenta","ENSGALG00000032366",-0.0299202191344975,"MEF2A","magenta_ENSGALG00000032366","no"
1255,"brown4","ENSGALG00000014624",-0.00537256981412331,"CERS3","brown4_ENSGALG00000014624","no"
1256,"magenta","ENSGALG00000014624",-0.0124176352597299,"CERS3","magenta_ENSGALG00000014624","no"
1257,"brown4","ENSGALG00000025898",0.0723259847303176,"SMAD6","brown4_ENSGALG00000025898","no"
1258,"magenta","ENSGALG00000025898",0.0482129732757106,"SMAD6","magenta_ENSGALG00000025898","no"
1259,"brown4","ENSGALG00000035701",0.00741566654027093,"SMAD3","brown4_ENSGALG00000035701","no"
1260,"magenta","ENSGALG00000035701",0.109609815404194,"SMAD3","magenta_ENSGALG00000035701","no"
1261,"brown4","ENSGALG00000007970",0.0983019908829689,"PIAS1","brown4_ENSGALG00000007970","no"
1262,"magenta","ENSGALG00000007970",0.0919079964664824,"PIAS1","magenta_ENSGALG00000007970","no"
1263,"brown4","ENSGALG00000026467",-0.000572512030325107,"MESP1","brown4_ENSGALG00000026467","no"
1264,"magenta","ENSGALG00000026467",-0.0106255881572017,"MESP1","magenta_ENSGALG00000026467","no"
1265,"brown4","ENSGALG00000008275",-0.00574428145923073,"ENSGALG00000008275","brown4_ENSGALG00000008275","no"
1266,"magenta","ENSGALG00000008275",-0.0098553464877584,"ENSGALG00000008275","magenta_ENSGALG00000008275","no"
1267,"brown4","ENSGALG00000036163",-0.00400778964156712,"ZNF710","brown4_ENSGALG00000036163","no"
1268,"magenta","ENSGALG00000036163",0.01889361976658,"ZNF710","magenta_ENSGALG00000036163","no"
1269,"brown4","ENSGALG00000037455",0.0664179869926191,"PBRM1","brown4_ENSGALG00000037455","no"
1270,"magenta","ENSGALG00000037455",-0.0685416824286448,"PBRM1","magenta_ENSGALG00000037455","no"
1271,"brown4","ENSGALG00000004974",0.00456462504692352,"PPARG","brown4_ENSGALG00000004974","no"
1272,"magenta","ENSGALG00000004974",0.00803447957651018,"PPARG","magenta_ENSGALG00000004974","no"
1273,"brown4","ENSGALG00000004991",0.0110738200837777,"MKRN2","brown4_ENSGALG00000004991","no"
1274,"magenta","ENSGALG00000004991",0.0111751661932665,"MKRN2","magenta_ENSGALG00000004991","no"
1275,"brown4","ENSGALG00000005001",-0.0540472870169039,"CNBP","brown4_ENSGALG00000005001","no"
1276,"magenta","ENSGALG00000005001",0.122360453347079,"CNBP","magenta_ENSGALG00000005001","no"
1277,"brown4","ENSGALG00000035557",0.00700305397716588,"BARX1","brown4_ENSGALG00000035557","no"
1278,"magenta","ENSGALG00000035557",0.0124394138187961,"BARX1","magenta_ENSGALG00000035557","no"
1279,"brown4","ENSGALG00000005506",-0.0318197414056794,"HESX1","brown4_ENSGALG00000005506","no"
1280,"magenta","ENSGALG00000005506",-0.0224472839739282,"HESX1","magenta_ENSGALG00000005506","no"
1281,"brown4","ENSGALG00000005909",-0.00642127841040851,"GATA2","brown4_ENSGALG00000005909","no"
1282,"magenta","ENSGALG00000005909",-0.00271325194442788,"GATA2","magenta_ENSGALG00000005909","no"
1283,"brown4","ENSGALG00000036133",0.116217490453175,"KLF15","brown4_ENSGALG00000036133","no"
1284,"magenta","ENSGALG00000036133",0.152350552183788,"KLF15","magenta_ENSGALG00000036133","no"
1285,"brown4","ENSGALG00000030487",0.048345204763354,"ENSGALG00000030487","brown4_ENSGALG00000030487","no"
1286,"magenta","ENSGALG00000030487",0.028914744669863,"ENSGALG00000030487","magenta_ENSGALG00000030487","no"
1287,"brown4","ENSGALG00000013408",0.0341156018325276,"TMF1","brown4_ENSGALG00000013408","no"
1288,"magenta","ENSGALG00000013408",0.0126025777008081,"TMF1","magenta_ENSGALG00000013408","no"
1289,"brown4","ENSGALG00000039583",0.0516221735597695,"MITF","brown4_ENSGALG00000039583","no"
1290,"magenta","ENSGALG00000039583",-0.0054722982763237,"MITF","magenta_ENSGALG00000039583","no"
1291,"brown4","ENSGALG00000007769",-0.101286518687137,"FOXP1","brown4_ENSGALG00000007769","no"
1292,"magenta","ENSGALG00000007769",0.00686020817410038,"FOXP1","magenta_ENSGALG00000007769","no"
1293,"brown4","ENSGALG00000008308",0.12972999035611,"BHLHE40","brown4_ENSGALG00000008308","no"
1294,"magenta","ENSGALG00000008308",0.165060110314899,"BHLHE40","magenta_ENSGALG00000008308","no"
1295,"brown4","ENSGALG00000020747",0.0294135021840469,"MBD4","brown4_ENSGALG00000020747","no"
1296,"magenta","ENSGALG00000020747",0.0757597800550856,"MBD4","magenta_ENSGALG00000020747","no"
1297,"brown4","ENSGALG00000008519",0.0656985696513022,"NR2C2","brown4_ENSGALG00000008519","no"
1298,"magenta","ENSGALG00000008519",-0.0131371145637213,"NR2C2","magenta_ENSGALG00000008519","no"
1299,"brown4","ENSGALG00000000999",-0.0084959487282256,"ZNF319","brown4_ENSGALG00000000999","no"
1300,"magenta","ENSGALG00000000999",-0.017641290522771,"ZNF319","magenta_ENSGALG00000000999","no"
1301,"brown4","ENSGALG00000028900",-0.0465820070740983,"CENPT","brown4_ENSGALG00000028900","no"
1302,"magenta","ENSGALG00000028900",0.0427900092941858,"CENPT","magenta_ENSGALG00000028900","no"
1303,"brown4","ENSGALG00000001722",0.0517916836970014,"E2F4","brown4_ENSGALG00000001722","no"
1304,"magenta","ENSGALG00000001722",0.0489662118114332,"E2F4","magenta_ENSGALG00000001722","no"
1305,"brown4","ENSGALG00000001817",0.0608838357390263,"CTCF","brown4_ENSGALG00000001817","no"
1306,"magenta","ENSGALG00000001817",0.0370807297512747,"CTCF","magenta_ENSGALG00000001817","no"
1307,"brown4","ENSGALG00000002301",0.00918438809693373,"CNOT1","brown4_ENSGALG00000002301","no"
1308,"magenta","ENSGALG00000002301",0.0034745310897362,"CNOT1","magenta_ENSGALG00000002301","no"
1309,"brown4","ENSGALG00000003169",-0.00883924557726436,"CBFB","brown4_ENSGALG00000003169","no"
1310,"magenta","ENSGALG00000003169",0.0613313063536914,"CBFB","magenta_ENSGALG00000003169","no"
1311,"brown4","ENSGALG00000003224",0.00318196587828648,"HSF4","brown4_ENSGALG00000003224","no"
1312,"magenta","ENSGALG00000003224",0.00383604806133837,"HSF4","magenta_ENSGALG00000003224","no"
1313,"brown4","ENSGALG00000003396",0.0427082997499988,"NFATC3","brown4_ENSGALG00000003396","no"
1314,"magenta","ENSGALG00000003396",0.0960914857958522,"NFATC3","magenta_ENSGALG00000003396","no"
1315,"brown4","ENSGALG00000048295",0.00569181852235937,"IRX6","brown4_ENSGALG00000048295","no"
1316,"magenta","ENSGALG00000048295",-0.00244766638484207,"IRX6","magenta_ENSGALG00000048295","no"
1317,"brown4","ENSGALG00000003588",-0.0204455035645705,"IRX5","brown4_ENSGALG00000003588","no"
1318,"magenta","ENSGALG00000003588",-0.0189369653902803,"IRX5","magenta_ENSGALG00000003588","no"
1319,"brown4","ENSGALG00000042045",-0.0111627648066662,"IRX3","brown4_ENSGALG00000042045","no"
1320,"magenta","ENSGALG00000042045",-0.0286012551279528,"IRX3","magenta_ENSGALG00000042045","no"
1321,"brown4","ENSGALG00000034649",0.0136451889858432,"TOX3","brown4_ENSGALG00000034649","no"
1322,"magenta","ENSGALG00000034649",-0.121200259703692,"TOX3","magenta_ENSGALG00000034649","no"
1323,"brown4","ENSGALG00000039238",0.0841483611448357,"SALL1","brown4_ENSGALG00000039238","no"
1324,"magenta","ENSGALG00000039238",0.170309440731776,"SALL1","magenta_ENSGALG00000039238","no"
1325,"brown4","ENSGALG00000003891",0.535211386065629,"ZNF423","brown4_ENSGALG00000003891","yes"
1326,"magenta","ENSGALG00000003891",0.355669077956216,"ZNF423","magenta_ENSGALG00000003891","no"
1327,"brown4","ENSGALG00000035602",0.351606917347072,"ZNF536","brown4_ENSGALG00000035602","no"
1328,"magenta","ENSGALG00000035602",-0.0480688085579481,"ZNF536","magenta_ENSGALG00000035602","no"
1329,"brown4","ENSGALG00000004528",0.280437757229492,"TSHZ3","brown4_ENSGALG00000004528","no"
1330,"magenta","ENSGALG00000004528",-0.0014156775031658,"TSHZ3","magenta_ENSGALG00000004528","no"
1331,"brown4","ENSGALG00000004532",0.00659338485278502,"ZNF507","brown4_ENSGALG00000004532","no"
1332,"magenta","ENSGALG00000004532",0.0170039387780747,"ZNF507","magenta_ENSGALG00000004532","no"
1333,"brown4","ENSGALG00000032365",0.0579577104785854,"CEBPG","brown4_ENSGALG00000032365","no"
1334,"magenta","ENSGALG00000032365",0.0337360357390654,"CEBPG","magenta_ENSGALG00000032365","no"
1335,"brown4","ENSGALG00000026258",0.092414264870699,"MAF","brown4_ENSGALG00000026258","no"
1336,"magenta","ENSGALG00000026258",0.00980694017966645,"MAF","magenta_ENSGALG00000026258","no"
1337,"brown4","ENSGALG00000040475",0.0616807143188221,"ATMIN","brown4_ENSGALG00000040475","no"
1338,"magenta","ENSGALG00000040475",-0.00476064084202928,"ATMIN","magenta_ENSGALG00000040475","no"
1339,"brown4","ENSGALG00000005708",0.0354751390944557,"HNF4beta","brown4_ENSGALG00000005708","no"
1340,"magenta","ENSGALG00000005708",0.0433231859180911,"HNF4beta","magenta_ENSGALG00000005708","no"
1341,"brown4","ENSGALG00000034111",-0.0359081613793189,"FOXF1","brown4_ENSGALG00000034111","no"
1342,"magenta","ENSGALG00000034111",-0.0116353105717692,"FOXF1","magenta_ENSGALG00000034111","no"
1343,"brown4","ENSGALG00000005757",-0.013377477140192,"IRF8","brown4_ENSGALG00000005757","no"
1344,"magenta","ENSGALG00000005757",0.0303965378902328,"IRF8","magenta_ENSGALG00000005757","no"
1345,"brown4","ENSGALG00000049065",-0.0430789542195739,"ZFPM1","brown4_ENSGALG00000049065","no"
1346,"magenta","ENSGALG00000049065",-0.106048340937244,"ZFPM1","magenta_ENSGALG00000049065","no"
1347,"brown4","ENSGALG00000000513",-0.0128793037585213,"ZNF276","brown4_ENSGALG00000000513","no"
1348,"magenta","ENSGALG00000000513",-0.0072917610560849,"ZNF276","magenta_ENSGALG00000000513","no"
1349,"brown4","ENSGALG00000000129",0.0602205378605571,"TCF25","brown4_ENSGALG00000000129","no"
1350,"magenta","ENSGALG00000000129",0.0694528585215614,"TCF25","magenta_ENSGALG00000000129","no"
1351,"brown4","ENSGALG00000000657",0.0447898360853183,"TERF2","brown4_ENSGALG00000000657","no"
1352,"magenta","ENSGALG00000000657",0.0275012611545846,"TERF2","magenta_ENSGALG00000000657","no"
1353,"brown4","ENSGALG00000039300",-0.00950900618587431,"NFAT5","brown4_ENSGALG00000039300","no"
1354,"magenta","ENSGALG00000039300",-0.0155331366946828,"NFAT5","magenta_ENSGALG00000039300","no"
1355,"brown4","ENSGALG00000000713",-0.0364907903614115,"ZFHX3","brown4_ENSGALG00000000713","no"
1356,"magenta","ENSGALG00000000713",-0.0625497190804757,"ZFHX3","magenta_ENSGALG00000000713","no"
1357,"brown4","ENSGALG00000000817",0.0515477947703565,"ZNF821","brown4_ENSGALG00000000817","no"
1358,"magenta","ENSGALG00000000817",-0.0531207850569953,"ZNF821","magenta_ENSGALG00000000817","no"
1359,"brown4","ENSGALG00000029387",-0.0021951867907604,"PURA","brown4_ENSGALG00000029387","no"
1360,"magenta","ENSGALG00000029387",0.00856966557593172,"PURA","magenta_ENSGALG00000029387","no"
1361,"brown4","ENSGALG00000002191",0.161172470742389,"TLX3","brown4_ENSGALG00000002191","no"
1362,"magenta","ENSGALG00000002191",-0.0698837588049644,"TLX3","magenta_ENSGALG00000002191","no"
1363,"brown4","ENSGALG00000002105",-0.0149875959013427,"FOXI1","brown4_ENSGALG00000002105","no"
1364,"magenta","ENSGALG00000002105",-0.00628768639757162,"FOXI1","magenta_ENSGALG00000002105","no"
1365,"brown4","ENSGALG00000002878",0.00293001933637295,"CREBRF","brown4_ENSGALG00000002878","no"
1366,"magenta","ENSGALG00000002878",-0.0367335191579081,"CREBRF","magenta_ENSGALG00000002878","no"
1367,"brown4","ENSGALG00000038848",0.579391357385698,"MSX2","brown4_ENSGALG00000038848","no"
1368,"magenta","ENSGALG00000038848",0.828866983089476,"MSX2","magenta_ENSGALG00000038848","yes"
1369,"brown4","ENSGALG00000041754",0.0284199570476011,"N4BP3","brown4_ENSGALG00000041754","no"
1370,"magenta","ENSGALG00000041754",-0.0170822603597424,"N4BP3","magenta_ENSGALG00000041754","no"
1371,"brown4","ENSGALG00000003699",0.12921423013179,"EBF1","brown4_ENSGALG00000003699","no"
1372,"magenta","ENSGALG00000003699",-0.0927059162250028,"EBF1","magenta_ENSGALG00000003699","no"
1373,"brown4","ENSGALG00000005770",0.0403840723774049,"HMGXB3","brown4_ENSGALG00000005770","no"
1374,"magenta","ENSGALG00000005770",-4.9966656222826e-05,"HMGXB3","magenta_ENSGALG00000005770","no"
1375,"brown4","ENSGALG00000006309",-0.0322327263300588,"SMAD5","brown4_ENSGALG00000006309","no"
1376,"magenta","ENSGALG00000006309",0.0394789649740511,"SMAD5","magenta_ENSGALG00000006309","no"
1377,"brown4","ENSGALG00000029692",0.00416892172927682,"NEUROG1","brown4_ENSGALG00000029692","no"
1378,"magenta","ENSGALG00000029692",0.00517905258763295,"NEUROG1","magenta_ENSGALG00000029692","no"
1379,"brown4","ENSGALG00000030237",-0.0142617439541062,"PITX1","brown4_ENSGALG00000030237","no"
1380,"magenta","ENSGALG00000030237",-0.00369569891924072,"PITX1","magenta_ENSGALG00000030237","no"
1381,"brown4","ENSGALG00000006480",0.0223096853109797,"TCF7","brown4_ENSGALG00000006480","no"
1382,"magenta","ENSGALG00000006480",0.0225074626339714,"TCF7","magenta_ENSGALG00000006480","no"
1383,"brown4","ENSGALG00000006785",-0.0805510541028385,"IRF1","brown4_ENSGALG00000006785","no"
1384,"magenta","ENSGALG00000006785",-0.0487567955095874,"IRF1","magenta_ENSGALG00000006785","no"
1385,"brown4","ENSGALG00000030147",-0.0299221226343705,"AFF4","brown4_ENSGALG00000030147","no"
1386,"magenta","ENSGALG00000030147",-0.00438831945318154,"AFF4","magenta_ENSGALG00000030147","no"
1387,"brown4","ENSGALG00000032992",0.0402928285075142,"NR3C1","brown4_ENSGALG00000032992","no"
1388,"magenta","ENSGALG00000032992",0.112754912293712,"NR3C1","magenta_ENSGALG00000032992","no"
1389,"brown4","ENSGALG00000007669",0.201854945068456,"EGR1","brown4_ENSGALG00000007669","no"
1390,"magenta","ENSGALG00000007669",0.450204416988492,"EGR1","magenta_ENSGALG00000007669","yes"
1391,"brown4","ENSGALG00000003217",-0.0464086881174795,"LITAF","brown4_ENSGALG00000003217","no"
1392,"magenta","ENSGALG00000003217",-0.0181714502894567,"LITAF","magenta_ENSGALG00000003217","no"
1393,"brown4","ENSGALG00000031306",0.0144289188227022,"BHLHA15","brown4_ENSGALG00000031306","no"
1394,"magenta","ENSGALG00000031306",0.011186550806464,"BHLHA15","magenta_ENSGALG00000031306","no"
1395,"brown4","ENSGALG00000052931",-0.125363701880061,"FOXL3","brown4_ENSGALG00000052931","no"
1396,"magenta","ENSGALG00000052931",-0.037618279149532,"FOXL3","magenta_ENSGALG00000052931","no"
1397,"brown4","ENSGALG00000039292",0.164907145034477,"ENSGALG00000039292","brown4_ENSGALG00000039292","no"
1398,"magenta","ENSGALG00000039292",-0.0818994265419166,"ENSGALG00000039292","magenta_ENSGALG00000039292","no"
1399,"brown4","ENSGALG00000004189",0.0779209169045929,"MAFK","brown4_ENSGALG00000004189","no"
1400,"magenta","ENSGALG00000004189",0.0595349249281219,"MAFK","magenta_ENSGALG00000004189","no"
1401,"brown4","ENSGALG00000004460",0.0115397195322455,"FOXK1","brown4_ENSGALG00000004460","no"
1402,"magenta","ENSGALG00000004460",0.0274605596343292,"FOXK1","magenta_ENSGALG00000004460","no"
1403,"brown4","ENSGALG00000027188",-0.0871097117798313,"SREBF1","brown4_ENSGALG00000027188","no"
1404,"magenta","ENSGALG00000027188",-0.123382262832559,"SREBF1","magenta_ENSGALG00000027188","no"
1405,"brown4","ENSGALG00000005028",-0.0185795174036028,"TOP3A","brown4_ENSGALG00000005028","no"
1406,"magenta","ENSGALG00000005028",0.0153274464913539,"TOP3A","magenta_ENSGALG00000005028","no"
1407,"brown4","ENSGALG00000005263",-0.580005767560412,"SOX8","brown4_ENSGALG00000005263","no"
1408,"magenta","ENSGALG00000005263",-0.389060967186034,"SOX8","magenta_ENSGALG00000005263","no"
1409,"brown4","ENSGALG00000005900",-0.0245979184128969,"E4F1","brown4_ENSGALG00000005900","no"
1410,"magenta","ENSGALG00000005900",-0.00642692391607855,"E4F1","magenta_ENSGALG00000005900","no"
1411,"brown4","ENSGALG00000053043",0.119685595021257,"CARHSP1","brown4_ENSGALG00000053043","no"
1412,"magenta","ENSGALG00000053043",0.216346718919002,"CARHSP1","magenta_ENSGALG00000053043","no"
1413,"brown4","ENSGALG00000007473",0.102593507488645,"MRPL28","brown4_ENSGALG00000007473","no"
1414,"magenta","ENSGALG00000007473",0.125885368430469,"MRPL28","magenta_ENSGALG00000007473","no"
1415,"brown4","ENSGALG00000036502",0.00896794916891687,"CDIP1","brown4_ENSGALG00000036502","no"
1416,"magenta","ENSGALG00000036502",0.00353624708713785,"CDIP1","magenta_ENSGALG00000036502","no"
1417,"brown4","ENSGALG00000007762",0.0360185610263732,"CREBBP","brown4_ENSGALG00000007762","no"
1418,"magenta","ENSGALG00000007762",0.0131488773093981,"CREBBP","magenta_ENSGALG00000007762","no"
1419,"brown4","ENSGALG00000007779",-0.000556065452835212,"ADCY9","brown4_ENSGALG00000007779","no"
1420,"magenta","ENSGALG00000007779",0.00152492066252807,"ADCY9","magenta_ENSGALG00000007779","no"
1421,"brown4","ENSGALG00000027823",0.018365324300104,"TFAP4","brown4_ENSGALG00000027823","no"
1422,"magenta","ENSGALG00000027823",0.0594431920954101,"TFAP4","magenta_ENSGALG00000027823","no"
1423,"brown4","ENSGALG00000034737",0.0862330591383066,"ENSGALG00000034737","brown4_ENSGALG00000034737","no"
1424,"magenta","ENSGALG00000034737",0.12596380074909,"ENSGALG00000034737","magenta_ENSGALG00000034737","no"
1425,"brown4","ENSGALG00000002018",-0.118598069612211,"CAPN15","brown4_ENSGALG00000002018","no"
1426,"magenta","ENSGALG00000002018",-0.0604680855771791,"CAPN15","magenta_ENSGALG00000002018","no"
1427,"brown4","ENSGALG00000026038",-0.0471177552138262,"ERI2","brown4_ENSGALG00000026038","no"
1428,"magenta","ENSGALG00000026038",0.010867257526155,"ERI2","magenta_ENSGALG00000026038","no"
1429,"brown4","ENSGALG00000036751",-0.0100948158660952,"ENSGALG00000036751","brown4_ENSGALG00000036751","no"
1430,"magenta","ENSGALG00000036751",-0.010225980950611,"ENSGALG00000036751","magenta_ENSGALG00000036751","no"
1431,"brown4","ENSGALG00000030710",0.0601808360987042,"ENSGALG00000030710","brown4_ENSGALG00000030710","no"
1432,"magenta","ENSGALG00000030710",-0.0232137820418947,"ENSGALG00000030710","magenta_ENSGALG00000030710","no"
1433,"brown4","ENSGALG00000024081",0.0866147580613564,"TGIF2","brown4_ENSGALG00000024081","no"
1434,"magenta","ENSGALG00000024081",0.154255680238857,"TGIF2","magenta_ENSGALG00000024081","no"
1435,"brown4","ENSGALG00000001522",0.18311889060583,"PHF20","brown4_ENSGALG00000001522","no"
1436,"magenta","ENSGALG00000001522",-0.035817331932139,"PHF20","magenta_ENSGALG00000001522","no"
1437,"brown4","ENSGALG00000002968",0.0417949387084987,"ZNF341","brown4_ENSGALG00000002968","no"
1438,"magenta","ENSGALG00000002968",0.0440631258868969,"ZNF341","magenta_ENSGALG00000002968","no"
1439,"brown4","ENSGALG00000003045",-0.0552764468758132,"E2F1","brown4_ENSGALG00000003045","no"
1440,"magenta","ENSGALG00000003045",0.0319109139714345,"E2F1","magenta_ENSGALG00000003045","no"
1441,"brown4","ENSGALG00000003106",0.165116435505988,"TOX2","brown4_ENSGALG00000003106","no"
1442,"magenta","ENSGALG00000003106",0.196246979048751,"TOX2","magenta_ENSGALG00000003106","no"
1443,"brown4","ENSGALG00000003503",0.0602282079367834,"MYBL2","brown4_ENSGALG00000003503","no"
1444,"magenta","ENSGALG00000003503",0.0989607926155449,"MYBL2","magenta_ENSGALG00000003503","no"
1445,"brown4","ENSGALG00000003670",-0.118324734714899,"MAFB","brown4_ENSGALG00000003670","no"
1446,"magenta","ENSGALG00000003670",-0.0722995694690289,"MAFB","magenta_ENSGALG00000003670","no"
1447,"brown4","ENSGALG00000039155",0.0306462299658221,"ZHX3","brown4_ENSGALG00000039155","no"
1448,"magenta","ENSGALG00000039155",0.0517915191161812,"ZHX3","magenta_ENSGALG00000039155","no"
1449,"brown4","ENSGALG00000003952",-0.0149690462897334,"RBPJL","brown4_ENSGALG00000003952","no"
1450,"magenta","ENSGALG00000003952",-0.0149554275564483,"RBPJL","magenta_ENSGALG00000003952","no"
1451,"brown4","ENSGALG00000004285",0.0199257407389674,"HNF4A","brown4_ENSGALG00000004285","no"
1452,"magenta","ENSGALG00000004285",0.00272944159373411,"HNF4A","magenta_ENSGALG00000004285","no"
1453,"brown4","ENSGALG00000004570",-0.0224159670968478,"NCOA3","brown4_ENSGALG00000004570","no"
1454,"magenta","ENSGALG00000004570",-0.0425219666350188,"NCOA3","magenta_ENSGALG00000004570","no"
1455,"brown4","ENSGALG00000004859",-0.0183345706515434,"ZNFX1","brown4_ENSGALG00000004859","no"
1456,"magenta","ENSGALG00000004859",0.00570285449716049,"ZNFX1","magenta_ENSGALG00000004859","no"
1457,"brown4","ENSGALG00000045499",-0.0072683924932446,"TCFL5","brown4_ENSGALG00000045499","no"
1458,"magenta","ENSGALG00000045499",-0.0153476881735202,"TCFL5","magenta_ENSGALG00000045499","no"
1459,"brown4","ENSGALG00000005718",0.0233180612208646,"BHLHE23","brown4_ENSGALG00000005718","no"
1460,"magenta","ENSGALG00000005718",-0.0368128975850636,"BHLHE23","magenta_ENSGALG00000005718","no"
1461,"brown4","ENSGALG00000005932",-0.225536947992194,"MYT1","brown4_ENSGALG00000005932","no"
1462,"magenta","ENSGALG00000005932",-0.287962928081757,"MYT1","magenta_ENSGALG00000005932","no"
1463,"brown4","ENSGALG00000034118",-0.0635819947818895,"SOX18","brown4_ENSGALG00000034118","no"
1464,"magenta","ENSGALG00000034118",-0.0298172938111435,"SOX18","magenta_ENSGALG00000034118","no"
1465,"brown4","ENSGALG00000006013",0.0355055407153382,"ZNF512B","brown4_ENSGALG00000006013","no"
1466,"magenta","ENSGALG00000006013",0.00549057913070739,"ZNF512B","magenta_ENSGALG00000006013","no"
1467,"brown4","ENSGALG00000006062",-0.014522050319804,"ZBTB46","brown4_ENSGALG00000006062","no"
1468,"magenta","ENSGALG00000006062",-0.0155120258561436,"ZBTB46","magenta_ENSGALG00000006062","no"
1469,"brown4","ENSGALG00000006092",0.0606471515393395,"ENSGALG00000006092","brown4_ENSGALG00000006092","no"
1470,"magenta","ENSGALG00000006092",0.036694833540029,"ENSGALG00000006092","magenta_ENSGALG00000006092","no"
1471,"brown4","ENSGALG00000039685",-0.00257459128709927,"GMEB2","brown4_ENSGALG00000039685","no"
1472,"magenta","ENSGALG00000039685",-0.021413057989288,"GMEB2","magenta_ENSGALG00000039685","no"
1473,"brown4","ENSGALG00000028912",0.0485584723252319,"SCRT2","brown4_ENSGALG00000028912","no"
1474,"magenta","ENSGALG00000028912",-0.0382464626509416,"SCRT2","magenta_ENSGALG00000028912","no"
1475,"brown4","ENSGALG00000026276",-0.0366228299720446,"TCF15","brown4_ENSGALG00000026276","no"
1476,"magenta","ENSGALG00000026276",-0.0137827810801478,"TCF15","magenta_ENSGALG00000026276","no"
1477,"brown4","ENSGALG00000034661",0.140787666307177,"ID1","brown4_ENSGALG00000034661","no"
1478,"magenta","ENSGALG00000034661",0.233877861488482,"ID1","magenta_ENSGALG00000034661","no"
1479,"brown4","ENSGALG00000043015",-0.0222098725894906,"FOXS1","brown4_ENSGALG00000043015","no"
1480,"magenta","ENSGALG00000043015",-0.00454070587333784,"FOXS1","magenta_ENSGALG00000043015","no"
1481,"brown4","ENSGALG00000030291",-0.0209055838207508,"IRF9","brown4_ENSGALG00000030291","no"
1482,"magenta","ENSGALG00000030291",-0.00433786354114053,"IRF9","magenta_ENSGALG00000030291","no"
1483,"brown4","ENSGALG00000006586",-0.0217843755393469,"PLAGL2","brown4_ENSGALG00000006586","no"
1484,"magenta","ENSGALG00000006586",-0.0205204253139098,"PLAGL2","magenta_ENSGALG00000006586","no"
1485,"brown4","ENSGALG00000041370",0.00547397134464188,"ZNF335","brown4_ENSGALG00000041370","no"
1486,"magenta","ENSGALG00000041370",0.00867793398653634,"ZNF335","magenta_ENSGALG00000041370","no"
1487,"brown4","ENSGALG00000049068",0.0332166484195379,"ZNF831","brown4_ENSGALG00000049068","no"
1488,"magenta","ENSGALG00000049068",-0.00975544435875329,"ZNF831","magenta_ENSGALG00000049068","no"
1489,"brown4","ENSGALG00000007690",-0.00210191813461847,"TFAP2C","brown4_ENSGALG00000007690","no"
1490,"magenta","ENSGALG00000007690",0.00213815117499224,"TFAP2C","magenta_ENSGALG00000007690","no"
1491,"brown4","ENSGALG00000040546",-0.197625752165253,"ENSGALG00000040546","brown4_ENSGALG00000040546","no"
1492,"magenta","ENSGALG00000040546",-0.102125703349753,"ENSGALG00000040546","magenta_ENSGALG00000040546","no"
1493,"brown4","ENSGALG00000040886",-0.265021626505296,"ENSGALG00000040886","brown4_ENSGALG00000040886","no"
1494,"magenta","ENSGALG00000040886",-0.143609857764809,"ENSGALG00000040886","magenta_ENSGALG00000040886","no"
1495,"brown4","ENSGALG00000007809",0.082108434070566,"TSHZ2","brown4_ENSGALG00000007809","no"
1496,"magenta","ENSGALG00000007809",0.0568131176775297,"TSHZ2","magenta_ENSGALG00000007809","no"
1497,"brown4","ENSGALG00000038858",0.0739873778828582,"ZFP64","brown4_ENSGALG00000038858","no"
1498,"magenta","ENSGALG00000038858",0.0820290126780567,"ZFP64","magenta_ENSGALG00000038858","no"
1499,"brown4","ENSGALG00000041365",-0.00907037166820985,"SALL4","brown4_ENSGALG00000041365","no"
1500,"magenta","ENSGALG00000041365",-0.00592301775404894,"SALL4","magenta_ENSGALG00000041365","no"
1501,"brown4","ENSGALG00000007963",0.00925306188460066,"NFATC2","brown4_ENSGALG00000007963","no"
1502,"magenta","ENSGALG00000007963",0.0212673208475388,"NFATC2","magenta_ENSGALG00000007963","no"
1503,"brown4","ENSGALG00000007989",0.0730255201678719,"ADNP","brown4_ENSGALG00000007989","no"
1504,"magenta","ENSGALG00000007989",-0.0937281207242218,"ADNP","magenta_ENSGALG00000007989","no"
1505,"brown4","ENSGALG00000008014",0.0717709539417652,"CEBPB","brown4_ENSGALG00000008014","no"
1506,"magenta","ENSGALG00000008014",0.111689800571362,"CEBPB","magenta_ENSGALG00000008014","no"
1507,"brown4","ENSGALG00000008018",-0.0377257596438728,"SNAI1","brown4_ENSGALG00000008018","no"
1508,"magenta","ENSGALG00000008018",-0.0179658191323213,"SNAI1","magenta_ENSGALG00000008018","no"
1509,"brown4","ENSGALG00000033416",0.00210782114235566,"HIC2","brown4_ENSGALG00000033416","no"
1510,"magenta","ENSGALG00000033416",-0.038371773834494,"HIC2","magenta_ENSGALG00000033416","no"
1511,"brown4","ENSGALG00000041182",-0.0178454199609062,"TBX1","brown4_ENSGALG00000041182","no"
1512,"magenta","ENSGALG00000041182",-0.0173710542989226,"TBX1","magenta_ENSGALG00000041182","no"
1513,"brown4","ENSGALG00000003120",-0.109863428694998,"NCOR2","brown4_ENSGALG00000003120","no"
1514,"magenta","ENSGALG00000003120",-0.0233333098145289,"NCOR2","magenta_ENSGALG00000003120","no"
1515,"brown4","ENSGALG00000004397",0.0401711364760211,"MLXIP","brown4_ENSGALG00000004397","no"
1516,"magenta","ENSGALG00000004397",-0.00485291623621073,"MLXIP","magenta_ENSGALG00000004397","no"
1517,"brown4","ENSGALG00000004598",0.390300593971555,"CUX2","brown4_ENSGALG00000004598","no"
1518,"magenta","ENSGALG00000004598",0.368011294773813,"CUX2","magenta_ENSGALG00000004598","yes"
1519,"brown4","ENSGALG00000005062",-0.000834681003887513,"FOXN4","brown4_ENSGALG00000005062","no"
1520,"magenta","ENSGALG00000005062",0.0158990738638994,"FOXN4","magenta_ENSGALG00000005062","no"
1521,"brown4","ENSGALG00000005796",0.116102956279528,"XBP1","brown4_ENSGALG00000005796","no"
1522,"magenta","ENSGALG00000005796",0.114997099052911,"XBP1","magenta_ENSGALG00000005796","no"
1523,"brown4","ENSGALG00000006374",0.0627268331335834,"TBX6","brown4_ENSGALG00000006374","no"
1524,"magenta","ENSGALG00000006374",-0.0332778109088682,"TBX6","magenta_ENSGALG00000006374","no"
1525,"brown4","ENSGALG00000006934",0.00665385793196109,"PATZ1","brown4_ENSGALG00000006934","no"
1526,"magenta","ENSGALG00000006934",-0.00544064434955554,"PATZ1","magenta_ENSGALG00000006934","no"
1527,"brown4","ENSGALG00000006968",0.00794684898382135,"HNF1A","brown4_ENSGALG00000006968","no"
1528,"magenta","ENSGALG00000006968",0.0112508926829204,"HNF1A","magenta_ENSGALG00000006968","no"
1529,"brown4","ENSGALG00000036043",-0.105111645505398,"TBX3","brown4_ENSGALG00000036043","no"
1530,"magenta","ENSGALG00000036043",-0.0230997313851437,"TBX3","magenta_ENSGALG00000036043","no"
1531,"brown4","ENSGALG00000008253",-0.0315760955559032,"TBX5","brown4_ENSGALG00000008253","no"
1532,"magenta","ENSGALG00000008253",-0.0139973077835184,"TBX5","magenta_ENSGALG00000008253","no"
1533,"brown4","ENSGALG00000008303",0.0562694600357477,"LHX5","brown4_ENSGALG00000008303","no"
1534,"magenta","ENSGALG00000008303",-0.04901655976325,"LHX5","magenta_ENSGALG00000008303","no"
1535,"brown4","ENSGALG00000024335",-0.0116189269051246,"ENSGALG00000024335","brown4_ENSGALG00000024335","no"
1536,"magenta","ENSGALG00000024335",-0.0126154172181391,"ENSGALG00000024335","magenta_ENSGALG00000024335","no"
1537,"brown4","ENSGALG00000034134",0.0168768687278377,"ZNF302","brown4_ENSGALG00000034134","no"
1538,"magenta","ENSGALG00000034134",0.0151597651724292,"ZNF302","magenta_ENSGALG00000034134","no"
1539,"brown4","ENSGALG00000001518",0.00105910685557969,"ZNF750","brown4_ENSGALG00000001518","no"
1540,"magenta","ENSGALG00000001518",-0.00257574001621735,"ZNF750","magenta_ENSGALG00000001518","no"
1541,"brown4","ENSGALG00000001577",0.140295260911598,"FOXK2","brown4_ENSGALG00000001577","no"
1542,"magenta","ENSGALG00000001577",0.182565756021788,"FOXK2","magenta_ENSGALG00000001577","no"
1543,"brown4","ENSGALG00000041025",0.126122503749359,"FOXJ1","brown4_ENSGALG00000041025","no"
1544,"magenta","ENSGALG00000041025",0.165590691481252,"FOXJ1","magenta_ENSGALG00000041025","no"
1545,"brown4","ENSGALG00000002932",0.0879272470573835,"NME2","brown4_ENSGALG00000002932","no"
1546,"magenta","ENSGALG00000002932",0.150829895617986,"NME2","magenta_ENSGALG00000002932","no"
1547,"brown4","ENSGALG00000003059",0.0610077041098423,"HLF","brown4_ENSGALG00000003059","no"
1548,"magenta","ENSGALG00000003059",0.110287505510085,"HLF","magenta_ENSGALG00000003059","no"
1549,"brown4","ENSGALG00000003454",0.0660969907416562,"ZNF207","brown4_ENSGALG00000003454","no"
1550,"magenta","ENSGALG00000003454",0.0588344122710738,"ZNF207","magenta_ENSGALG00000003454","no"
1551,"brown4","ENSGALG00000038222",-0.0066847481942138,"ENSGALG00000038222","brown4_ENSGALG00000038222","no"
1552,"magenta","ENSGALG00000038222",-0.00484103166482591,"ENSGALG00000038222","magenta_ENSGALG00000038222","no"
1553,"brown4","ENSGALG00000004386",0.113176030806214,"SOX9","brown4_ENSGALG00000004386","no"
1554,"magenta","ENSGALG00000004386",0.143632359562908,"SOX9","magenta_ENSGALG00000004386","no"
1555,"brown4","ENSGALG00000031475",0.022524337973066,"MAFG","brown4_ENSGALG00000031475","no"
1556,"magenta","ENSGALG00000031475",-0.0624497247608127,"MAFG","magenta_ENSGALG00000031475","no"
1557,"brown4","ENSGALG00000007305",0.124157620221973,"NME1","brown4_ENSGALG00000007305","no"
1558,"magenta","ENSGALG00000007305",0.120360554079692,"NME1","magenta_ENSGALG00000007305","no"
1559,"brown4","ENSGALG00000031482",0.0416691789534819,"Pou5f3","brown4_ENSGALG00000031482","no"
1560,"magenta","ENSGALG00000031482",-0.0684247317136497,"Pou5f3","magenta_ENSGALG00000031482","no"
1561,"brown4","ENSGALG00000038003",0.064969151732365,"EDF1","brown4_ENSGALG00000038003","no"
1562,"magenta","ENSGALG00000038003",0.0868692686653361,"EDF1","magenta_ENSGALG00000038003","no"
1563,"brown4","ENSGALG00000008886",-0.0531608695586262,"ZNF618","brown4_ENSGALG00000008886","no"
1564,"magenta","ENSGALG00000008886",-0.0479824207597699,"ZNF618","magenta_ENSGALG00000008886","no"
1565,"brown4","ENSGALG00000028236",-0.0475617569320423,"PRRX2","brown4_ENSGALG00000028236","no"
1566,"magenta","ENSGALG00000028236",0.00435014534591569,"PRRX2","magenta_ENSGALG00000028236","no"
1567,"brown4","ENSGALG00000003941",-0.000146305524952117,"FUBP3","brown4_ENSGALG00000003941","no"
1568,"magenta","ENSGALG00000003941",0.139907955105422,"FUBP3","magenta_ENSGALG00000003941","no"
1569,"brown4","ENSGALG00000003895",-0.00353768019184888,"PRDM12","brown4_ENSGALG00000003895","no"
1570,"magenta","ENSGALG00000003895",-0.00944999988381642,"PRDM12","magenta_ENSGALG00000003895","no"
1571,"brown4","ENSGALG00000027242",0.00849452017790354,"TTF1","brown4_ENSGALG00000027242","no"
1572,"magenta","ENSGALG00000027242",0.0621098865145022,"TTF1","magenta_ENSGALG00000027242","no"
1573,"brown4","ENSGALG00000043217",0.0212101894158213,"BARHL1","brown4_ENSGALG00000043217","no"
1574,"magenta","ENSGALG00000043217",-0.0135788419094593,"BARHL1","magenta_ENSGALG00000043217","no"
1575,"brown4","ENSGALG00000003478",-0.0293592410250476,"GFI1B","brown4_ENSGALG00000003478","no"
1576,"magenta","ENSGALG00000003478",-0.0141513360391926,"GFI1B","magenta_ENSGALG00000003478","no"
1577,"brown4","ENSGALG00000042055",-0.0887436167920939,"RXRA","brown4_ENSGALG00000042055","no"
1578,"magenta","ENSGALG00000042055",-0.0503592766415056,"RXRA","magenta_ENSGALG00000042055","no"
1579,"brown4","ENSGALG00000044726",0.0228074697199229,"SNAPC4","brown4_ENSGALG00000044726","no"
1580,"magenta","ENSGALG00000044726",-0.018935401205397,"SNAPC4","magenta_ENSGALG00000044726","no"
1581,"brown4","ENSGALG00000003928",0.0198075892775104,"LHX3","brown4_ENSGALG00000003928","no"
1582,"magenta","ENSGALG00000003928",-0.00821951157811854,"LHX3","magenta_ENSGALG00000003928","no"
1583,"brown4","ENSGALG00000001347",-0.0152237943562319,"LHX6","brown4_ENSGALG00000001347","no"
1584,"magenta","ENSGALG00000001347",-0.00685933210572805,"LHX6","magenta_ENSGALG00000001347","no"
1585,"brown4","ENSGALG00000021570",0.0234528425901118,"ZBTB6","brown4_ENSGALG00000021570","no"
1586,"magenta","ENSGALG00000021570",-0.00266574515445258,"ZBTB6","magenta_ENSGALG00000021570","no"
1587,"brown4","ENSGALG00000042762",0.0108875784693763,"ZBTB26","brown4_ENSGALG00000042762","no"
1588,"magenta","ENSGALG00000042762",-0.0146212444838362,"ZBTB26","magenta_ENSGALG00000042762","no"
1589,"brown4","ENSGALG00000001124",0.0683960548282218,"LHX2","brown4_ENSGALG00000001124","no"
1590,"magenta","ENSGALG00000001124",0.0871699509577682,"LHX2","magenta_ENSGALG00000001124","no"
1591,"brown4","ENSGALG00000001080",-0.0293772165109293,"NR5A1","brown4_ENSGALG00000001080","no"
1592,"magenta","ENSGALG00000001080",-0.0262499436625312,"NR5A1","magenta_ENSGALG00000001080","no"
1593,"brown4","ENSGALG00000001073",-0.0032689312151108,"NR6A1","brown4_ENSGALG00000001073","no"
1594,"magenta","ENSGALG00000001073",-0.0047222565340543,"NR6A1","magenta_ENSGALG00000001073","no"
1595,"brown4","ENSGALG00000000972",0.183189309064861,"PBX3","brown4_ENSGALG00000000972","no"
1596,"magenta","ENSGALG00000000972",0.162876005134931,"PBX3","magenta_ENSGALG00000000972","no"
1597,"brown4","ENSGALG00000040582",0.294363581428707,"LMX1B","brown4_ENSGALG00000040582","no"
1598,"magenta","ENSGALG00000040582",0.102202064760976,"LMX1B","magenta_ENSGALG00000040582","no"
1599,"brown4","ENSGALG00000000934",-0.00113099578298598,"ZBTB43","brown4_ENSGALG00000000934","no"
1600,"magenta","ENSGALG00000000934",-0.00823359225003105,"ZBTB43","magenta_ENSGALG00000000934","no"
1601,"brown4","ENSGALG00000023407",0.0554490632591408,"ZBTB34","brown4_ENSGALG00000023407","no"
1602,"magenta","ENSGALG00000023407",-0.0337319483863095,"ZBTB34","magenta_ENSGALG00000023407","no"
1603,"brown4","ENSGALG00000034960",-0.0203729315459648,"MLXIPL","brown4_ENSGALG00000034960","no"
1604,"magenta","ENSGALG00000034960",-0.00444367157600987,"MLXIPL","magenta_ENSGALG00000034960","no"
1605,"brown4","ENSGALG00000001031",0.00786825759434041,"ENSGALG00000001031","brown4_ENSGALG00000001031","no"
1606,"magenta","ENSGALG00000001031",0.00830553563010048,"ENSGALG00000001031","magenta_ENSGALG00000001031","no"
1607,"brown4","ENSGALG00000021665",0.0808130464177948,"ENSGALG00000021665","brown4_ENSGALG00000021665","no"
1608,"magenta","ENSGALG00000021665",0.016094744488269,"ENSGALG00000021665","magenta_ENSGALG00000021665","no"
1609,"brown4","ENSGALG00000001263",-0.00136443848532164,"GTF2IRD1","brown4_ENSGALG00000001263","no"
1610,"magenta","ENSGALG00000001263",-0.0368517513270434,"GTF2IRD1","magenta_ENSGALG00000001263","no"
1611,"brown4","ENSGALG00000021611",0.114073584057974,"ENSGALG00000021611","brown4_ENSGALG00000021611","no"
1612,"magenta","ENSGALG00000021611",0.0273196594194898,"ENSGALG00000021611","magenta_ENSGALG00000021611","no"
1613,"brown4","ENSGALG00000042077",-0.168937784118215,"HIC1","brown4_ENSGALG00000042077","no"
1614,"magenta","ENSGALG00000042077",-0.04803363831189,"HIC1","magenta_ENSGALG00000042077","no"
1615,"brown4","ENSGALG00000043868",-0.00443351229282188,"FOXN1","brown4_ENSGALG00000043868","no"
1616,"magenta","ENSGALG00000043868",0.00868772387407839,"FOXN1","magenta_ENSGALG00000043868","no"
1617,"brown4","ENSGALG00000004477",0.0283651353211424,"ENSGALG00000004477","brown4_ENSGALG00000004477","no"
1618,"magenta","ENSGALG00000004477",0.00449397571911749,"ENSGALG00000004477","magenta_ENSGALG00000004477","no"
1619,"brown4","ENSGALG00000005285",0.0369005554303316,"TBX4","brown4_ENSGALG00000005285","no"
1620,"magenta","ENSGALG00000005285",0.0340913003894231,"TBX4","magenta_ENSGALG00000005285","no"
1621,"brown4","ENSGALG00000034297",-0.155726622553631,"TBX2","brown4_ENSGALG00000034297","no"
1622,"magenta","ENSGALG00000034297",-0.0451901636136584,"TBX2","magenta_ENSGALG00000034297","no"
1623,"brown4","ENSGALG00000005409",0.183848258171596,"LHX1","brown4_ENSGALG00000005409","no"
1624,"magenta","ENSGALG00000005409",-0.111635792136387,"LHX1","magenta_ENSGALG00000005409","no"
1625,"brown4","ENSGALG00000005452",0.0388156609704846,"TADA2A","brown4_ENSGALG00000005452","no"
1626,"magenta","ENSGALG00000005452",0.0348693376543693,"TADA2A","magenta_ENSGALG00000005452","no"
1627,"brown4","ENSGALG00000005504",0.06028102973071,"HNF1B","brown4_ENSGALG00000005504","no"
1628,"magenta","ENSGALG00000005504",0.0683020093727733,"HNF1B","magenta_ENSGALG00000005504","no"
1629,"brown4","ENSGALG00000005530",-0.0132372404309076,"VEZF1","brown4_ENSGALG00000005530","no"
1630,"magenta","ENSGALG00000005530",-0.0117418296382239,"VEZF1","magenta_ENSGALG00000005530","no"
1631,"brown4","ENSGALG00000005830",0.0797521486177227,"MNT","brown4_ENSGALG00000005830","no"
1632,"magenta","ENSGALG00000005830",-0.0241739146540983,"MNT","magenta_ENSGALG00000005830","no"
1633,"brown4","ENSGALG00000042976",0.117970012342838,"UBTF","brown4_ENSGALG00000042976","no"
1634,"magenta","ENSGALG00000042976",0.0305161161725087,"UBTF","magenta_ENSGALG00000042976","no"
1635,"brown4","ENSGALG00000040529",0.00662206110807207,"DLX3","brown4_ENSGALG00000040529","no"
1636,"magenta","ENSGALG00000040529",0.0040144925166824,"DLX3","magenta_ENSGALG00000040529","no"
1637,"brown4","ENSGALG00000009944",0.0226702740877898,"KAT7","brown4_ENSGALG00000009944","no"
1638,"magenta","ENSGALG00000009944",-0.00134048048811817,"KAT7","magenta_ENSGALG00000009944","no"
1639,"brown4","ENSGALG00000001191",-0.0139155704103175,"MEOX1","brown4_ENSGALG00000001191","no"
1640,"magenta","ENSGALG00000001191",-0.00703172160518085,"MEOX1","magenta_ENSGALG00000001191","no"
1641,"brown4","ENSGALG00000036678",-0.22547269385986,"ETV4","brown4_ENSGALG00000036678","no"
1642,"magenta","ENSGALG00000036678",-0.164500930814381,"ETV4","magenta_ENSGALG00000036678","no"
1643,"brown4","ENSGALG00000038604",0.0582460330928664,"PHB","brown4_ENSGALG00000038604","no"
1644,"magenta","ENSGALG00000038604",0.147696269936834,"PHB","magenta_ENSGALG00000038604","no"
1645,"brown4","ENSGALG00000001279",0.0613907478058632,"ZNF652","brown4_ENSGALG00000001279","no"
1646,"magenta","ENSGALG00000001279",-0.0186741028099392,"ZNF652","magenta_ENSGALG00000001279","no"
1647,"brown4","ENSGALG00000001276",0.105912982326016,"HOXB9","brown4_ENSGALG00000001276","no"
1648,"magenta","ENSGALG00000001276",-0.13333129509225,"HOXB9","magenta_ENSGALG00000001276","no"
1649,"brown4","ENSGALG00000040320",0.170092113038588,"HOXB8","brown4_ENSGALG00000040320","no"
1650,"magenta","ENSGALG00000040320",-0.178467994347027,"HOXB8","magenta_ENSGALG00000040320","no"
1651,"brown4","ENSGALG00000032740",0.0389646820689099,"HOXB7","brown4_ENSGALG00000032740","no"
1652,"magenta","ENSGALG00000032740",-0.235928232503835,"HOXB7","magenta_ENSGALG00000032740","no"
1653,"brown4","ENSGALG00000037619",0.426692567367298,"HOXB6","brown4_ENSGALG00000037619","no"
1654,"magenta","ENSGALG00000037619",0.196725842955648,"HOXB6","magenta_ENSGALG00000037619","no"
1655,"brown4","ENSGALG00000034907",0.309088429519063,"HOXB5","brown4_ENSGALG00000034907","no"
1656,"magenta","ENSGALG00000034907",0.0672223811554875,"HOXB5","magenta_ENSGALG00000034907","no"
1657,"brown4","ENSGALG00000000284",0.0381172726008816,"HOXB4","brown4_ENSGALG00000000284","no"
1658,"magenta","ENSGALG00000000284",-0.034842784222808,"HOXB4","magenta_ENSGALG00000000284","no"
1659,"brown4","ENSGALG00000043219",0.0795977613421789,"HOXB3","brown4_ENSGALG00000043219","no"
1660,"magenta","ENSGALG00000043219",-0.0307887771704006,"HOXB3","magenta_ENSGALG00000043219","no"
1661,"brown4","ENSGALG00000025774",0.0545872410355116,"HOXB2","brown4_ENSGALG00000025774","no"
1662,"magenta","ENSGALG00000025774",-0.0308123167265354,"HOXB2","magenta_ENSGALG00000025774","no"
1663,"brown4","ENSGALG00000011937",0.131869463809142,"NFE2L1","brown4_ENSGALG00000011937","no"
1664,"magenta","ENSGALG00000011937",0.0715792458561494,"NFE2L1","magenta_ENSGALG00000011937","no"
1665,"brown4","ENSGALG00000000233",-0.00897265131249103,"SP2","brown4_ENSGALG00000000233","no"
1666,"magenta","ENSGALG00000000233",-0.00724263524718383,"SP2","magenta_ENSGALG00000000233","no"
1667,"brown4","ENSGALG00000039633",0.238628497414136,"NEUROD2","brown4_ENSGALG00000039633","no"
1668,"magenta","ENSGALG00000039633",-0.137044730144344,"NEUROD2","magenta_ENSGALG00000039633","no"
1669,"brown4","ENSGALG00000013481",0.008200368491077,"IKZF3","brown4_ENSGALG00000013481","no"
1670,"magenta","ENSGALG00000013481",-0.00742734297713471,"IKZF3","magenta_ENSGALG00000013481","no"
1671,"brown4","ENSGALG00000040017",-0.0474514018476604,"THRA","brown4_ENSGALG00000040017","no"
1672,"magenta","ENSGALG00000040017",-0.0261368266096098,"THRA","magenta_ENSGALG00000040017","no"
1673,"brown4","ENSGALG00000047662",0.013550050223569,"NR1D1","brown4_ENSGALG00000047662","no"
1674,"magenta","ENSGALG00000047662",0.00231190021482653,"NR1D1","magenta_ENSGALG00000047662","no"
1675,"brown4","ENSGALG00000037935",0.0269732462453867,"RARA","brown4_ENSGALG00000037935","no"
1676,"magenta","ENSGALG00000037935",0.00738208052419201,"RARA","magenta_ENSGALG00000037935","no"
1677,"brown4","ENSGALG00000003882",0.0661247929824994,"SMARCE1","brown4_ENSGALG00000003882","no"
1678,"magenta","ENSGALG00000003882",-0.038442071700258,"SMARCE1","magenta_ENSGALG00000003882","no"
1679,"brown4","ENSGALG00000003282",-0.00724131850362345,"STAT5A","brown4_ENSGALG00000003282","no"
1680,"magenta","ENSGALG00000003282",0.0111642373560111,"STAT5A","magenta_ENSGALG00000003282","no"
1681,"brown4","ENSGALG00000003267",0.0309337995985847,"STAT3","brown4_ENSGALG00000003267","no"
1682,"magenta","ENSGALG00000003267",0.0429216698249074,"STAT3","magenta_ENSGALG00000003267","no"
1683,"brown4","ENSGALG00000003199",0.0076008500737356,"MLX","brown4_ENSGALG00000003199","no"
1684,"magenta","ENSGALG00000003199",0.0113620054500487,"MLX","magenta_ENSGALG00000003199","no"
1685,"brown4","ENSGALG00000044069",0.0425106752520629,"ENSGALG00000044069","brown4_ENSGALG00000044069","no"
1686,"magenta","ENSGALG00000044069",-0.00228193613049924,"ENSGALG00000044069","magenta_ENSGALG00000044069","no"
1687,"brown4","ENSGALG00000043727",0.00899686741005044,"NR4A1","brown4_ENSGALG00000043727","no"
1688,"magenta","ENSGALG00000043727",0.0247859612566451,"NR4A1","magenta_ENSGALG00000043727","no"
1689,"brown4","ENSGALG00000032004",0.0992562341539754,"CSRNP2","brown4_ENSGALG00000032004","no"
1690,"magenta","ENSGALG00000032004",-0.031882485903131,"CSRNP2","magenta_ENSGALG00000032004","no"
1691,"brown4","ENSGALG00000035530",0.0264570026532073,"TFCP2","brown4_ENSGALG00000035530","no"
1692,"magenta","ENSGALG00000035530",0.0742857866097416,"TFCP2","magenta_ENSGALG00000035530","no"
1693,"brown4","ENSGALG00000043072",0.00959109234161681,"POU6F1","brown4_ENSGALG00000043072","no"
1694,"magenta","ENSGALG00000043072",0.00324441097953103,"POU6F1","magenta_ENSGALG00000043072","no"
1695,"brown4","ENSGALG00000042422",-0.0253375512255359,"GLI1","brown4_ENSGALG00000042422","no"
1696,"magenta","ENSGALG00000042422",-0.00396443328568482,"GLI1","magenta_ENSGALG00000042422","no"
1697,"brown4","ENSGALG00000033614",-0.0764314397053557,"ATF1","brown4_ENSGALG00000033614","no"
1698,"magenta","ENSGALG00000033614",0.00290844913156191,"ATF1","magenta_ENSGALG00000033614","no"
1699,"brown4","ENSGALG00000039734",0.0648096272069526,"CERS5","brown4_ENSGALG00000039734","no"
1700,"magenta","ENSGALG00000039734",0.0724982430397018,"CERS5","magenta_ENSGALG00000039734","no"
1701,"brown4","ENSGALG00000040220",-0.00467949365492883,"TWIST3","brown4_ENSGALG00000040220","no"
1702,"magenta","ENSGALG00000040220",-0.0045552165288886,"TWIST3","magenta_ENSGALG00000040220","no"
1703,"brown4","ENSGALG00000034306",0.00608004354128011,"NEUROD4","brown4_ENSGALG00000034306","no"
1704,"magenta","ENSGALG00000034306",-0.0105682800508969,"NEUROD4","magenta_ENSGALG00000034306","no"
1705,"brown4","ENSGALG00000039409",0.00801607868330041,"RELA","brown4_ENSGALG00000039409","no"
1706,"magenta","ENSGALG00000039409",0.00807606325968487,"RELA","magenta_ENSGALG00000039409","no"
1707,"brown4","ENSGALG00000030998",0.0423027764153671,"MTA2","brown4_ENSGALG00000030998","no"
1708,"magenta","ENSGALG00000030998",0.0805351628442054,"MTA2","magenta_ENSGALG00000030998","no"
1709,"brown4","ENSGALG00000035502",0.0331608221094832,"ZBTB39","brown4_ENSGALG00000035502","no"
1710,"magenta","ENSGALG00000035502",-0.00784768811827989,"ZBTB39","magenta_ENSGALG00000035502","no"
1711,"brown4","ENSGALG00000029588",0.0145720186430149,"ENSGALG00000029588","brown4_ENSGALG00000029588","no"
1712,"magenta","ENSGALG00000029588",0.020073037900089,"ENSGALG00000029588","magenta_ENSGALG00000029588","no"
1713,"brown4","ENSGALG00000030661",0.0501703386383888,"STAT2","brown4_ENSGALG00000030661","no"
1714,"magenta","ENSGALG00000030661",0.0446319642962341,"STAT2","magenta_ENSGALG00000030661","no"
1715,"brown4","ENSGALG00000041592",0.0739024009015193,"SMARCC2","brown4_ENSGALG00000041592","no"
1716,"magenta","ENSGALG00000041592",-0.0095500133984579,"SMARCC2","magenta_ENSGALG00000041592","no"
1717,"brown4","ENSGALG00000035734",0.00502684343843955,"IKZF4","brown4_ENSGALG00000035734","no"
1718,"magenta","ENSGALG00000035734",-0.0187557742840433,"IKZF4","magenta_ENSGALG00000035734","no"
1719,"brown4","ENSGALG00000033404",-0.0257577349931009,"RARG","brown4_ENSGALG00000033404","no"
1720,"magenta","ENSGALG00000033404",-0.00133735334901974,"RARG","magenta_ENSGALG00000033404","no"
1721,"brown4","ENSGALG00000033246",-0.0155139054360968,"ZNF740","brown4_ENSGALG00000033246","no"
1722,"magenta","ENSGALG00000033246",-0.00165165162188204,"ZNF740","magenta_ENSGALG00000033246","no"
1723,"brown4","ENSGALG00000033090",-0.0277489153677554,"VDR","brown4_ENSGALG00000033090","no"
1724,"magenta","ENSGALG00000033090",-0.0216075149147716,"VDR","magenta_ENSGALG00000033090","no"
1725,"brown4","ENSGALG00000050811",0.00745680976441726,"SP7","brown4_ENSGALG00000050811","no"
1726,"magenta","ENSGALG00000050811",-0.00108061546892711,"SP7","magenta_ENSGALG00000050811","no"
1727,"brown4","ENSGALG00000035487",-0.0787654934882624,"SP1","brown4_ENSGALG00000035487","no"
1728,"magenta","ENSGALG00000035487",-0.0238049053170314,"SP1","magenta_ENSGALG00000035487","no"
1729,"brown4","ENSGALG00000039134",0.0320542068348775,"ENSGALG00000039134","brown4_ENSGALG00000039134","no"
1730,"magenta","ENSGALG00000039134",-0.0169291920439393,"ENSGALG00000039134","magenta_ENSGALG00000039134","no"
1731,"brown4","ENSGALG00000036082",0.0172905581923049,"HOXC13","brown4_ENSGALG00000036082","no"
1732,"magenta","ENSGALG00000036082",-0.00419424371835287,"HOXC13","magenta_ENSGALG00000036082","no"
1733,"brown4","ENSGALG00000033272",0.0291571142905372,"HOXC12","brown4_ENSGALG00000033272","no"
1734,"magenta","ENSGALG00000033272",-0.0380920396371118,"HOXC12","magenta_ENSGALG00000033272","no"
1735,"brown4","ENSGALG00000050755",0.0952646418058032,"HOXC11","brown4_ENSGALG00000050755","no"
1736,"magenta","ENSGALG00000050755",0.00635668298503471,"HOXC11","magenta_ENSGALG00000050755","no"
1737,"brown4","ENSGALG00000029393",0.409403951146329,"HOXC10","brown4_ENSGALG00000029393","no"
1738,"magenta","ENSGALG00000029393",0.153961340982916,"HOXC10","magenta_ENSGALG00000029393","no"
1739,"brown4","ENSGALG00000029439",0.325981982649247,"HOXC9","brown4_ENSGALG00000029439","no"
1740,"magenta","ENSGALG00000029439",0.236830552664746,"HOXC9","magenta_ENSGALG00000029439","no"
1741,"brown4","ENSGALG00000037262",0.378570958313136,"HOXC8","brown4_ENSGALG00000037262","no"
1742,"magenta","ENSGALG00000037262",0.214412689432579,"HOXC8","magenta_ENSGALG00000037262","no"
1743,"brown4","ENSGALG00000039051",0.0208034329961074,"HOXC6","brown4_ENSGALG00000039051","no"
1744,"magenta","ENSGALG00000039051",-0.0391116976045763,"HOXC6","magenta_ENSGALG00000039051","no"
1745,"brown4","ENSGALG00000030416",0.0369748300168155,"ENSGALG00000030416","brown4_ENSGALG00000030416","no"
1746,"magenta","ENSGALG00000030416",-0.0802817373244735,"ENSGALG00000030416","magenta_ENSGALG00000030416","no"
1747,"brown4","ENSGALG00000035539",0.0540806268060399,"HOXC4","brown4_ENSGALG00000035539","no"
1748,"magenta","ENSGALG00000035539",0.0516927035377515,"HOXC4","magenta_ENSGALG00000035539","no"
1749,"brown4","ENSGALG00000046448",-0.0036580763721072,"ZNF385A","brown4_ENSGALG00000046448","no"
1750,"magenta","ENSGALG00000046448",-0.0116074534918198,"ZNF385A","magenta_ENSGALG00000046448","no"
1751,"brown4","ENSGALG00000039525",0.134759051412218,"ENSGALG00000039525","brown4_ENSGALG00000039525","no"
1752,"magenta","ENSGALG00000039525",-0.029948942099561,"ENSGALG00000039525","magenta_ENSGALG00000039525","no"
1753,"brown4","ENSGALG00000033569",0.0730306402156194,"ENSGALG00000033569","brown4_ENSGALG00000033569","no"
1754,"magenta","ENSGALG00000033569",0.283917815164762,"ENSGALG00000033569","magenta_ENSGALG00000033569","no"
1755,"brown4","ENSGALG00000000637",0.0257900911762764,"ZBTB48","brown4_ENSGALG00000000637","no"
1756,"magenta","ENSGALG00000000637",0.0152968029831858,"ZBTB48","magenta_ENSGALG00000000637","no"
1757,"brown4","ENSGALG00000047204",0.0117167800495314,"HES2","brown4_ENSGALG00000047204","no"
1758,"magenta","ENSGALG00000047204",7.10575266848045e-05,"HES2","magenta_ENSGALG00000047204","no"
1759,"brown4","ENSGALG00000001006",0.0194494827553178,"TP73","brown4_ENSGALG00000001006","no"
1760,"magenta","ENSGALG00000001006",0.0255857149121967,"TP73","magenta_ENSGALG00000001006","no"
1761,"brown4","ENSGALG00000036728",0.00705454454771369,"PRDM16","brown4_ENSGALG00000036728","no"
1762,"magenta","ENSGALG00000036728",-0.00623941708624029,"PRDM16","magenta_ENSGALG00000036728","no"
1763,"brown4","ENSGALG00000001136",-0.0365308913834343,"ENSGALG00000001136","brown4_ENSGALG00000001136","no"
1764,"magenta","ENSGALG00000001136",-0.0235909196729888,"ENSGALG00000001136","magenta_ENSGALG00000001136","no"
1765,"brown4","ENSGALG00000027002",-0.00743232236069833,"ENSGALG00000027002","brown4_ENSGALG00000027002","no"
1766,"magenta","ENSGALG00000027002",-0.00753198484257315,"ENSGALG00000027002","magenta_ENSGALG00000027002","no"
1767,"brown4","ENSGALG00000001141",-0.00133177920725818,"HES5","brown4_ENSGALG00000001141","no"
1768,"magenta","ENSGALG00000001141",0.012095368192733,"HES5","magenta_ENSGALG00000001141","no"
1769,"brown4","ENSGALG00000002055",0.364171125646044,"HES4","brown4_ENSGALG00000002055","no"
1770,"magenta","ENSGALG00000002055",0.561451385399405,"HES4","magenta_ENSGALG00000002055","yes"
1771,"brown4","ENSGALG00000002232",0.0787044803260303,"RERE","brown4_ENSGALG00000002232","no"
1772,"magenta","ENSGALG00000002232",-0.0459094135065136,"RERE","magenta_ENSGALG00000002232","no"
1773,"brown4","ENSGALG00000024481",0.0464230032290143,"CENPS","brown4_ENSGALG00000024481","no"
1774,"magenta","ENSGALG00000024481",0.17659056101711,"CENPS","magenta_ENSGALG00000024481","no"
1775,"brown4","ENSGALG00000002888",0.171082756803766,"CASZ1","brown4_ENSGALG00000002888","no"
1776,"magenta","ENSGALG00000002888",0.118013013490772,"CASZ1","magenta_ENSGALG00000002888","no"
1777,"brown4","ENSGALG00000035352",0.032368117422504,"ZBTB17","brown4_ENSGALG00000035352","no"
1778,"magenta","ENSGALG00000035352",0.0114231100061381,"ZBTB17","magenta_ENSGALG00000035352","no"
1779,"brown4","ENSGALG00000043204",0.0718009365407817,"PAX7","brown4_ENSGALG00000043204","no"
1780,"magenta","ENSGALG00000043204",0.0731847057822692,"PAX7","magenta_ENSGALG00000043204","no"
1781,"brown4","ENSGALG00000038780",0.0326896223603938,"PRDM2","brown4_ENSGALG00000038780","no"
1782,"magenta","ENSGALG00000038780",-0.0441004567848554,"PRDM2","magenta_ENSGALG00000038780","no"
1783,"brown4","ENSGALG00000004781",0.00827479186231556,"ZBTB40","brown4_ENSGALG00000004781","no"
1784,"magenta","ENSGALG00000004781",0.00718909092513933,"ZBTB40","magenta_ENSGALG00000004781","no"
1785,"brown4","ENSGALG00000004848",-0.0372629111795586,"YBX1","brown4_ENSGALG00000004848","no"
1786,"magenta","ENSGALG00000004848",0.112933083795744,"YBX1","magenta_ENSGALG00000004848","no"
1787,"brown4","ENSGALG00000026558",-0.00356218988554276,"ZNF362","brown4_ENSGALG00000026558","no"
1788,"magenta","ENSGALG00000026558",-0.0300707298492744,"ZNF362","magenta_ENSGALG00000026558","no"
1789,"brown4","ENSGALG00000035785",0.115932817785635,"ENSGALG00000035785","brown4_ENSGALG00000035785","no"
1790,"magenta","ENSGALG00000035785",0.0919396554415878,"ENSGALG00000035785","magenta_ENSGALG00000035785","no"
1791,"brown4","ENSGALG00000029545",0.0608370486951717,"SMAD7B","brown4_ENSGALG00000029545","no"
1792,"magenta","ENSGALG00000029545",0.0404162294224812,"SMAD7B","magenta_ENSGALG00000029545","no"
1793,"brown4","ENSGALG00000038064",-0.00755356012644468,"ENSGALG00000038064","brown4_ENSGALG00000038064","no"
1794,"magenta","ENSGALG00000038064",-0.0281006518940056,"ENSGALG00000038064","magenta_ENSGALG00000038064","no"
1795,"brown4","ENSGALG00000034905",0.145825746539659,"ENSGALG00000034905","brown4_ENSGALG00000034905","no"
1796,"magenta","ENSGALG00000034905",-0.0441798288434096,"ENSGALG00000034905","magenta_ENSGALG00000034905","no"
1797,"brown4","ENSGALG00000035780",0.0606271352212684,"ENSGALG00000035780","brown4_ENSGALG00000035780","no"
1798,"magenta","ENSGALG00000035780",-0.00878051982419467,"ENSGALG00000035780","magenta_ENSGALG00000035780","no"
1799,"brown4","ENSGALG00000014184",0.0377340287464908,"ENSGALG00000014184","brown4_ENSGALG00000014184","no"
1800,"magenta","ENSGALG00000014184",0.073564025235822,"ENSGALG00000014184","magenta_ENSGALG00000014184","no"
1801,"brown4","ENSGALG00000043103",-0.0407147057800555,"PKNOX2","brown4_ENSGALG00000043103","no"
1802,"magenta","ENSGALG00000043103",-0.119441989523671,"PKNOX2","magenta_ENSGALG00000043103","no"
1803,"brown4","ENSGALG00000001143",-0.344189708644972,"ETS1","brown4_ENSGALG00000001143","no"
1804,"magenta","ENSGALG00000001143",-0.170306761710277,"ETS1","magenta_ENSGALG00000001143","no"
1805,"brown4","ENSGALG00000001161",-0.0879225399280345,"FLI1","brown4_ENSGALG00000001161","no"
1806,"magenta","ENSGALG00000001161",-0.0237672688959352,"FLI1","magenta_ENSGALG00000001161","no"
1807,"brown4","ENSGALG00000029382",0.0204945398202724,"BARX2","brown4_ENSGALG00000029382","no"
1808,"magenta","ENSGALG00000029382",0.026492147659409,"BARX2","magenta_ENSGALG00000029382","no"
1809,"brown4","ENSGALG00000033660",0.00886374190103542,"PRDM10","brown4_ENSGALG00000033660","no"
1810,"magenta","ENSGALG00000033660",-0.0238435060835816,"PRDM10","magenta_ENSGALG00000033660","no"
1811,"brown4","ENSGALG00000001306",0.0382405209702798,"NFRKB","brown4_ENSGALG00000001306","no"
1812,"magenta","ENSGALG00000001306",0.00949011707560657,"NFRKB","magenta_ENSGALG00000001306","no"
1813,"brown4","ENSGALG00000001341",0.0228575399847011,"ZBTB44","brown4_ENSGALG00000001341","no"
1814,"magenta","ENSGALG00000001341",-0.0264367635206905,"ZBTB44","magenta_ENSGALG00000001341","no"
1815,"brown4","ENSGALG00000001529",0.00509915205535958,"THYN1","brown4_ENSGALG00000001529","no"
1816,"magenta","ENSGALG00000001529",0.106265771682232,"THYN1","magenta_ENSGALG00000001529","no"
1817,"brown4","ENSGALG00000006806",0.014942250145292,"HINFP","brown4_ENSGALG00000006806","no"
1818,"magenta","ENSGALG00000006806",0.00609575250852292,"HINFP","magenta_ENSGALG00000006806","no"
1819,"brown4","ENSGALG00000038540",0.205028545267975,"ZBTB32","brown4_ENSGALG00000038540","no"
1820,"magenta","ENSGALG00000038540",-0.104500977792643,"ZBTB32","magenta_ENSGALG00000038540","no"
1821,"brown4","ENSGALG00000044521",0.0427742741745873,"ENSGALG00000044521","brown4_ENSGALG00000044521","no"
1822,"magenta","ENSGALG00000044521",0.00795482362668648,"ENSGALG00000044521","magenta_ENSGALG00000044521","no"
1823,"brown4","ENSGALG00000045132",0.0157445038325337,"ENSGALG00000045132","brown4_ENSGALG00000045132","no"
1824,"magenta","ENSGALG00000045132",-0.00276295293078661,"ENSGALG00000045132","magenta_ENSGALG00000045132","no"
1825,"brown4","ENSGALG00000045230",-0.0137137524236076,"ENSGALG00000045230","brown4_ENSGALG00000045230","no"
1826,"magenta","ENSGALG00000045230",-0.00882192289357934,"ENSGALG00000045230","magenta_ENSGALG00000045230","no"
1827,"brown4","ENSGALG00000044788",0.0197006205060169,"ZNF628","brown4_ENSGALG00000044788","no"
1828,"magenta","ENSGALG00000044788",0.0104845541923428,"ZNF628","magenta_ENSGALG00000044788","no"
1829,"brown4","ENSGALG00000033174",0.000653702602084001,"ZBTB45","brown4_ENSGALG00000033174","no"
1830,"magenta","ENSGALG00000033174",0.0118946384588701,"ZBTB45","magenta_ENSGALG00000033174","no"
1831,"brown4","ENSGALG00000036459",0.0408519954964955,"THAP7","brown4_ENSGALG00000036459","no"
1832,"magenta","ENSGALG00000036459",0.0174059604689,"THAP7","magenta_ENSGALG00000036459","no"
1833,"brown4","ENSGALG00000029316",0.000583281253353776,"ENSGALG00000029316","brown4_ENSGALG00000029316","no"
1834,"magenta","ENSGALG00000029316",-0.0073586023093193,"ENSGALG00000029316","magenta_ENSGALG00000029316","no"
1835,"brown4","ENSGALG00000036022",-0.00962593727737854,"LIN28A","brown4_ENSGALG00000036022","no"
1836,"magenta","ENSGALG00000036022",-0.0077644810343242,"LIN28A","magenta_ENSGALG00000036022","no"
1837,"brown4","ENSGALG00000027365",0.014743141435656,"HIVEP3","brown4_ENSGALG00000027365","no"
1838,"magenta","ENSGALG00000027365",-0.00121833585423907,"HIVEP3","magenta_ENSGALG00000027365","no"
1839,"brown4","ENSGALG00000026153",0.056106532332672,"FOXO6","brown4_ENSGALG00000026153","no"
1840,"magenta","ENSGALG00000026153",-0.0240818754358501,"FOXO6","magenta_ENSGALG00000026153","no"
1841,"brown4","ENSGALG00000000862",0.0188734515262079,"RLF","brown4_ENSGALG00000000862","no"
1842,"magenta","ENSGALG00000000862",-0.00573249106118296,"RLF","magenta_ENSGALG00000000862","no"
1843,"brown4","ENSGALG00000000887",0.0280205314074152,"NR0B2","brown4_ENSGALG00000000887","no"
1844,"magenta","ENSGALG00000000887",0.0266335797680045,"NR0B2","magenta_ENSGALG00000000887","no"
1845,"brown4","ENSGALG00000035317",0.350751932694127,"ID3","brown4_ENSGALG00000035317","no"
1846,"magenta","ENSGALG00000035317",0.509837910825007,"ID3","magenta_ENSGALG00000035317","no"
1847,"brown4","ENSGALG00000038488",0.0216050064188495,"GMEB1","brown4_ENSGALG00000038488","no"
1848,"magenta","ENSGALG00000038488",-0.0152382479323122,"GMEB1","magenta_ENSGALG00000038488","no"
1849,"brown4","ENSGALG00000043372",-0.00920090613338928,"RUNX3","brown4_ENSGALG00000043372","no"
1850,"magenta","ENSGALG00000043372",-0.00781560881008424,"RUNX3","magenta_ENSGALG00000043372","no"
1851,"brown4","ENSGALG00000029653",0.00279779537988095,"ENSGALG00000029653","brown4_ENSGALG00000029653","no"
1852,"magenta","ENSGALG00000029653",0.0172272562169421,"ENSGALG00000029653","magenta_ENSGALG00000029653","no"
1853,"brown4","ENSGALG00000031605",-0.00363554871109408,"POU3F1","brown4_ENSGALG00000031605","no"
1854,"magenta","ENSGALG00000031605",-0.0116008105496213,"POU3F1","magenta_ENSGALG00000031605","no"
1855,"brown4","ENSGALG00000001639",0.00356722944139161,"MTF1","brown4_ENSGALG00000001639","no"
1856,"magenta","ENSGALG00000001639",0.00734987686599358,"MTF1","magenta_ENSGALG00000001639","no"
1857,"brown4","ENSGALG00000039497",0.0177893613813497,"TFAP2E","brown4_ENSGALG00000039497","no"
1858,"magenta","ENSGALG00000039497",-0.0131662708051899,"TFAP2E","magenta_ENSGALG00000039497","no"
1859,"brown4","ENSGALG00000002514",-0.00791839096547344,"SFPQ","brown4_ENSGALG00000002514","no"
1860,"magenta","ENSGALG00000002514",0.0477756661457017,"SFPQ","magenta_ENSGALG00000002514","no"
1861,"brown4","ENSGALG00000003189",0.108208226533656,"NFYC","brown4_ENSGALG00000003189","no"
1862,"magenta","ENSGALG00000003189",0.13107720289329,"NFYC","magenta_ENSGALG00000003189","no"
1863,"brown4","ENSGALG00000003408",0.137016135017145,"RP1-27O5.3","brown4_ENSGALG00000003408","no"
1864,"magenta","ENSGALG00000003408",-0.0134922742327585,"RP1-27O5.3","magenta_ENSGALG00000003408","no"
1865,"brown4","ENSGALG00000003420",0.0587653045516244,"ZBTB8A","brown4_ENSGALG00000003420","no"
1866,"magenta","ENSGALG00000003420",-0.0461890567689682,"ZBTB8A","magenta_ENSGALG00000003420","no"
1867,"brown4","ENSGALG00000038896",0.0638077454505467,"ENSGALG00000038896","brown4_ENSGALG00000038896","no"
1868,"magenta","ENSGALG00000038896",0.0210979911125035,"ENSGALG00000038896","magenta_ENSGALG00000038896","no"
1869,"brown4","ENSGALG00000034986",-0.176035438881955,"HEYL","brown4_ENSGALG00000034986","no"
1870,"magenta","ENSGALG00000034986",-0.0206782716510792,"HEYL","magenta_ENSGALG00000034986","no"
1871,"brown4","ENSGALG00000024047",-0.0112547414298278,"MYCL","brown4_ENSGALG00000024047","no"
1872,"magenta","ENSGALG00000024047",0.0521578345492605,"MYCL","magenta_ENSGALG00000024047","no"
1873,"brown4","ENSGALG00000004249",0.0590308310999151,"GRHL3","brown4_ENSGALG00000004249","no"
1874,"magenta","ENSGALG00000004249",0.00182776082352545,"GRHL3","magenta_ENSGALG00000004249","no"
1875,"brown4","ENSGALG00000045611",0.00258499765770384,"ENSGALG00000045611","brown4_ENSGALG00000045611","no"
1876,"magenta","ENSGALG00000045611",0.00714403844429974,"ENSGALG00000045611","magenta_ENSGALG00000045611","no"
1877,"brown4","ENSGALG00000043513",0.00170431551960264,"TEAD3","brown4_ENSGALG00000043513","no"
1878,"magenta","ENSGALG00000043513",0.0560875560874633,"TEAD3","magenta_ENSGALG00000043513","no"
1879,"brown4","ENSGALG00000031301",0.00851311029937028,"TULP1","brown4_ENSGALG00000031301","no"
1880,"magenta","ENSGALG00000031301",-0.00650671705384307,"TULP1","magenta_ENSGALG00000031301","no"
1881,"brown4","ENSGALG00000000616",0.0274485760897069,"ELF3","brown4_ENSGALG00000000616","no"
1882,"magenta","ENSGALG00000000616",0.0415463285728138,"ELF3","magenta_ENSGALG00000000616","no"
1883,"brown4","ENSGALG00000038948",0.0884945041582592,"KDM5B","brown4_ENSGALG00000038948","no"
1884,"magenta","ENSGALG00000038948",-0.031708913114015,"KDM5B","magenta_ENSGALG00000038948","no"
1885,"brown4","ENSGALG00000000172",0.00713425369844944,"MYOG","brown4_ENSGALG00000000172","no"
1886,"magenta","ENSGALG00000000172",0.00860319258096778,"MYOG","magenta_ENSGALG00000000172","no"
1887,"brown4","ENSGALG00000000504",-0.00851122617667864,"ETV7","brown4_ENSGALG00000000504","no"
1888,"magenta","ENSGALG00000000504",0.00664339988970292,"ETV7","magenta_ENSGALG00000000504","no"
1889,"brown4","ENSGALG00000000583",0.0504126541979366,"SOX13","brown4_ENSGALG00000000583","no"
1890,"magenta","ENSGALG00000000583",-0.00297781377659033,"SOX13","magenta_ENSGALG00000000583","no"
1891,"brown4","ENSGALG00000042137",-0.00831066077551453,"ELK4","brown4_ENSGALG00000042137","no"
1892,"magenta","ENSGALG00000042137",-0.00305717384034439,"ELK4","magenta_ENSGALG00000042137","no"
1893,"brown4","ENSGALG00000046455",0.0105969226768426,"ENSGALG00000046455","brown4_ENSGALG00000046455","no"
1894,"magenta","ENSGALG00000046455",-0.00444778352512162,"ENSGALG00000046455","magenta_ENSGALG00000046455","no"
1895,"brown4","ENSGALG00000001405",0.014048427528862,"IRF6","brown4_ENSGALG00000001405","no"
1896,"magenta","ENSGALG00000001405",-0.0246420440837359,"IRF6","magenta_ENSGALG00000001405","no"
1897,"brown4","ENSGALG00000001845",0.0631153804380134,"PHTF1","brown4_ENSGALG00000001845","no"
1898,"magenta","ENSGALG00000001845",-0.0237968975905026,"PHTF1","magenta_ENSGALG00000001845","no"
1899,"brown4","ENSGALG00000002139",0.119235143139987,"CSDE1","brown4_ENSGALG00000002139","no"
1900,"magenta","ENSGALG00000002139",0.0996624738781024,"CSDE1","magenta_ENSGALG00000002139","no"
1901,"brown4","ENSGALG00000002170",-0.00864542123801174,"ENSGALG00000002170","brown4_ENSGALG00000002170","no"
1902,"magenta","ENSGALG00000002170",-0.010539548111639,"ENSGALG00000002170","magenta_ENSGALG00000002170","no"
1903,"brown4","ENSGALG00000002588",-0.000247785894719372,"PPARD","brown4_ENSGALG00000002588","no"
1904,"magenta","ENSGALG00000002588",0.0570327839871168,"PPARD","magenta_ENSGALG00000002588","no"
1905,"brown4","ENSGALG00000002630",0.0118155860204231,"ZNF76","brown4_ENSGALG00000002630","no"
1906,"magenta","ENSGALG00000002630",0.0134239411613717,"ZNF76","magenta_ENSGALG00000002630","no"
1907,"brown4","ENSGALG00000002792",-0.0192375849559884,"SPDEF","brown4_ENSGALG00000002792","no"
1908,"magenta","ENSGALG00000002792",-0.0117720598534065,"SPDEF","magenta_ENSGALG00000002792","no"
1909,"brown4","ENSGALG00000030396",-0.0555627096497253,"HMGA1","brown4_ENSGALG00000030396","no"
1910,"magenta","ENSGALG00000030396",-0.0446679091529998,"HMGA1","magenta_ENSGALG00000030396","no"
1911,"brown4","ENSGALG00000003247",0.0529807784299098,"NFYA","brown4_ENSGALG00000003247","no"
1912,"magenta","ENSGALG00000003247",0.0239098162607308,"NFYA","magenta_ENSGALG00000003247","no"
1913,"brown4","ENSGALG00000033497",0.00927589348437355,"FOXP4","brown4_ENSGALG00000033497","no"
1914,"magenta","ENSGALG00000033497",0.0139736253404532,"FOXP4","magenta_ENSGALG00000033497","no"
1915,"brown4","ENSGALG00000039878",-0.0741747729549526,"TFEB","brown4_ENSGALG00000039878","no"
1916,"magenta","ENSGALG00000039878",-0.0269151529892406,"TFEB","magenta_ENSGALG00000039878","no"
1917,"brown4","ENSGALG00000000242",0.160496693162871,"EBF2","brown4_ENSGALG00000000242","no"
1918,"magenta","ENSGALG00000000242",-0.0883936939058594,"EBF2","magenta_ENSGALG00000000242","no"
1919,"brown4","ENSGALG00000037437",-0.00157048374069958,"EGR3","brown4_ENSGALG00000037437","no"
1920,"magenta","ENSGALG00000037437",0.0223375772851877,"EGR3","magenta_ENSGALG00000037437","no"
1921,"brown4","ENSGALG00000001727",0.034431678958692,"LZTS1","brown4_ENSGALG00000001727","no"
1922,"magenta","ENSGALG00000001727",-0.019510332756579,"LZTS1","magenta_ENSGALG00000001727","no"
1923,"brown4","ENSGALG00000039206",-0.014637405105288,"ARID5A","brown4_ENSGALG00000039206","no"
1924,"magenta","ENSGALG00000039206",0.0528777629644862,"ARID5A","magenta_ENSGALG00000039206","no"
1925,"brown4","ENSGALG00000013882",-0.0611607201077763,"MXD1","brown4_ENSGALG00000013882","no"
1926,"magenta","ENSGALG00000013882",-0.0134892843631269,"MXD1","magenta_ENSGALG00000013882","no"
1927,"brown4","ENSGALG00000032656",-0.139351138290625,"TCF7L1","brown4_ENSGALG00000032656","no"
1928,"magenta","ENSGALG00000032656",-0.0772503270157479,"TCF7L1","magenta_ENSGALG00000032656","no"
1929,"brown4","ENSGALG00000043352",0.0124894890955261,"ENSGALG00000043352","brown4_ENSGALG00000043352","no"
1930,"magenta","ENSGALG00000043352",0.0387335611932038,"ENSGALG00000043352","magenta_ENSGALG00000043352","no"
1931,"brown4","ENSGALG00000013431",0.011351125512285,"RAX2","brown4_ENSGALG00000013431","no"
1932,"magenta","ENSGALG00000013431",-0.00688826642407444,"RAX2","magenta_ENSGALG00000013431","no"
1933,"brown4","ENSGALG00000027838",0.0603100045095884,"HMG20B","brown4_ENSGALG00000027838","no"
1934,"magenta","ENSGALG00000027838",0.0929766306813965,"HMG20B","magenta_ENSGALG00000027838","no"
1935,"brown4","ENSGALG00000041643",0.294672484503892,"NFIC","brown4_ENSGALG00000041643","no"
1936,"magenta","ENSGALG00000041643",0.341946648807736,"NFIC","magenta_ENSGALG00000041643","yes"
1937,"brown4","ENSGALG00000027147",0.0198901723186082,"ENSGALG00000027147","brown4_ENSGALG00000027147","no"
1938,"magenta","ENSGALG00000027147",0.0249982820270711,"ENSGALG00000027147","magenta_ENSGALG00000027147","no"
1939,"brown4","ENSGALG00000025907",-0.0131949821087622,"ZBTB7A","brown4_ENSGALG00000025907","no"
1940,"magenta","ENSGALG00000025907",-0.00260643904142819,"ZBTB7A","magenta_ENSGALG00000025907","no"
1941,"brown4","ENSGALG00000034413",0.00243376075542074,"PIAS4","brown4_ENSGALG00000034413","no"
1942,"magenta","ENSGALG00000034413",0.00321588492224553,"PIAS4","magenta_ENSGALG00000034413","no"
1943,"brown4","ENSGALG00000001773",0.144850512789693,"RFX2","brown4_ENSGALG00000001773","no"
1944,"magenta","ENSGALG00000001773",0.210904853535994,"RFX2","magenta_ENSGALG00000001773","no"
1945,"brown4","ENSGALG00000024378",0.0391316485922254,"ZNF414","brown4_ENSGALG00000024378","no"
1946,"magenta","ENSGALG00000024378",-0.024120436748461,"ZNF414","magenta_ENSGALG00000024378","no"
1947,"brown4","ENSGALG00000001035",-0.00794550972296106,"ENSGALG00000001035","brown4_ENSGALG00000001035","no"
1948,"magenta","ENSGALG00000001035",-0.00578166703320097,"ENSGALG00000001035","magenta_ENSGALG00000001035","no"
1949,"brown4","ENSGALG00000014589",0.0226771557905419,"ENSGALG00000014589","brown4_ENSGALG00000014589","no"
1950,"magenta","ENSGALG00000014589",0.108642041510775,"ENSGALG00000014589","magenta_ENSGALG00000014589","no"
1951,"brown4","ENSGALG00000028081",-0.00397930680550197,"ONECUT3","brown4_ENSGALG00000028081","no"
1952,"magenta","ENSGALG00000028081",-0.00372223652925834,"ONECUT3","magenta_ENSGALG00000028081","no"
1953,"brown4","ENSGALG00000001093",-0.207551657220047,"TCF3","brown4_ENSGALG00000001093","no"
1954,"magenta","ENSGALG00000001093",-0.192527330982421,"TCF3","magenta_ENSGALG00000001093","no"
1955,"brown4","ENSGALG00000001101",0.0325075426225401,"MBD3","brown4_ENSGALG00000001101","no"
1956,"magenta","ENSGALG00000001101",-0.0383242614699668,"MBD3","magenta_ENSGALG00000001101","no"
1957,"brown4","ENSGALG00000001108",0.00867679810485684,"MIER2","brown4_ENSGALG00000001108","no"
1958,"magenta","ENSGALG00000001108",-0.00742899512186355,"MIER2","magenta_ENSGALG00000001108","no"
1959,"brown4","ENSGALG00000001252",0.0576587528452359,"CREB3L3","brown4_ENSGALG00000001252","no"
1960,"magenta","ENSGALG00000001252",0.0508830313883608,"CREB3L3","magenta_ENSGALG00000001252","no"
1961,"brown4","ENSGALG00000026231",-0.145980799891439,"ARID3A","brown4_ENSGALG00000026231","no"
1962,"magenta","ENSGALG00000026231",-0.0520341981916427,"ARID3A","magenta_ENSGALG00000026231","no"
1963,"brown4","ENSGALG00000043010",-0.0162447828349057,"NR2F6","brown4_ENSGALG00000043010","no"
1964,"magenta","ENSGALG00000043010",0.0385659702138889,"NR2F6","magenta_ENSGALG00000043010","no"
1965,"brown4","ENSGALG00000042900",0.0245526141466745,"GATAD2A","brown4_ENSGALG00000042900","no"
1966,"magenta","ENSGALG00000042900",0.0569111844128126,"GATAD2A","magenta_ENSGALG00000042900","no"
1967,"brown4","ENSGALG00000037261",0.0248972620867659,"RFXANK","brown4_ENSGALG00000037261","no"
1968,"magenta","ENSGALG00000037261",0.0912743910682666,"RFXANK","magenta_ENSGALG00000037261","no"
1969,"brown4","ENSGALG00000037558",0.00483479769978341,"MEF2B","brown4_ENSGALG00000037558","no"
1970,"magenta","ENSGALG00000037558",0.0131693912981821,"MEF2B","magenta_ENSGALG00000037558","no"
1971,"brown4","ENSGALG00000043641",0.214064302749126,"JUND","brown4_ENSGALG00000043641","no"
1972,"magenta","ENSGALG00000043641",0.365746169431915,"JUND","magenta_ENSGALG00000043641","yes"
1973,"brown4","ENSGALG00000003939",-0.0573718329054642,"KLF2","brown4_ENSGALG00000003939","no"
1974,"magenta","ENSGALG00000003939",-0.016513813036427,"KLF2","magenta_ENSGALG00000003939","no"
1975,"brown4","ENSGALG00000037595",0.00758463526586043,"USF1","brown4_ENSGALG00000037595","no"
1976,"magenta","ENSGALG00000037595",0.0045454060118552,"USF1","magenta_ENSGALG00000037595","no"
1977,"brown4","ENSGALG00000000751",-0.000401937111944587,"ARNT","brown4_ENSGALG00000000751","no"
1978,"magenta","ENSGALG00000000751",0.0366731340226768,"ARNT","magenta_ENSGALG00000000751","no"
1979,"brown4","ENSGALG00000024051",0.0665205727509583,"SETDB1","brown4_ENSGALG00000024051","no"
1980,"magenta","ENSGALG00000024051",0.0558599843167526,"SETDB1","magenta_ENSGALG00000024051","no"
1981,"brown4","ENSGALG00000039141",-0.0602895266144263,"CERS2","brown4_ENSGALG00000039141","no"
1982,"magenta","ENSGALG00000039141",-0.0161212251042415,"CERS2","magenta_ENSGALG00000039141","no"
1983,"brown4","ENSGALG00000026734",-0.0376489505578611,"GABPB2","brown4_ENSGALG00000026734","no"
1984,"magenta","ENSGALG00000026734",0.0398150511475035,"GABPB2","magenta_ENSGALG00000026734","no"
1985,"brown4","ENSGALG00000000793",-0.0111921747655579,"VPS72","brown4_ENSGALG00000000793","no"
1986,"magenta","ENSGALG00000000793",0.000212956855955843,"VPS72","magenta_ENSGALG00000000793","no"
1987,"brown4","ENSGALG00000040270",-0.0126165870105295,"ZNF687","brown4_ENSGALG00000040270","no"
1988,"magenta","ENSGALG00000040270",-0.00122176516513461,"ZNF687","magenta_ENSGALG00000040270","no"
1989,"brown4","ENSGALG00000000836",0.0331177299805316,"RFX5","brown4_ENSGALG00000000836","no"
1990,"magenta","ENSGALG00000000836",0.0188842823628896,"RFX5","magenta_ENSGALG00000000836","no"
1991,"brown4","ENSGALG00000033941",0.0313373482175151,"RORC","brown4_ENSGALG00000033941","no"
1992,"magenta","ENSGALG00000033941",-0.00149574578791047,"RORC","magenta_ENSGALG00000033941","no"
1993,"brown4","ENSGALG00000025817",0.185039327130765,"NHLH1","brown4_ENSGALG00000025817","no"
1994,"magenta","ENSGALG00000025817",-0.0990771205240675,"NHLH1","magenta_ENSGALG00000025817","no"
1995,"brown4","ENSGALG00000000669",-0.0927813639805801,"ETV3","brown4_ENSGALG00000000669","no"
1996,"magenta","ENSGALG00000000669",0.0393015988846844,"ETV3","magenta_ENSGALG00000000669","no"
1997,"brown4","ENSGALG00000037787",0.043207730672073,"MEF2D","brown4_ENSGALG00000037787","no"
1998,"magenta","ENSGALG00000037787",-0.015271058789676,"MEF2D","magenta_ENSGALG00000037787","no"
1999,"brown4","ENSGALG00000034042",0.0334943386654689,"PIAS3","brown4_ENSGALG00000034042","no"
2000,"magenta","ENSGALG00000034042",0.0151452523262591,"PIAS3","magenta_ENSGALG00000034042","no"
2001,"brown4","ENSGALG00000051276",0.0151508792071948,"GATAD2B","brown4_ENSGALG00000051276","no"
2002,"magenta","ENSGALG00000051276",-0.00940090020893077,"GATAD2B","magenta_ENSGALG00000051276","no"
2003,"brown4","ENSGALG00000014643",0.0211408838727424,"ENSGALG00000014643","brown4_ENSGALG00000014643","no"
2004,"magenta","ENSGALG00000014643",0.00469754752994341,"ENSGALG00000014643","magenta_ENSGALG00000014643","no"
2005,"brown4","ENSGALG00000032405",0.100092595399837,"ENSGALG00000032405","brown4_ENSGALG00000032405","no"
2006,"magenta","ENSGALG00000032405",0.039928198104864,"ENSGALG00000032405","magenta_ENSGALG00000032405","no"
2007,"brown4","ENSGALG00000044472",0.0176464682639559,"ENSGALG00000044472","brown4_ENSGALG00000044472","no"
2008,"magenta","ENSGALG00000044472",-0.00123927751147819,"ENSGALG00000044472","magenta_ENSGALG00000044472","no"
2009,"brown4","ENSGALG00000041845",0.00725264887409,"ZNF692","brown4_ENSGALG00000041845","no"
2010,"magenta","ENSGALG00000041845",0.00228119238738468,"ZNF692","magenta_ENSGALG00000041845","no"
2011,"brown4","ENSGALG00000027546",0.00153099518149616,"BZFP1","brown4_ENSGALG00000027546","no"
2012,"magenta","ENSGALG00000027546",-0.00816866305858779,"BZFP1","magenta_ENSGALG00000027546","no"
2013,"brown4","ENSGALG00000037735",-0.0692892771379579,"CenpA","brown4_ENSGALG00000037735","no"
2014,"magenta","ENSGALG00000037735",0.0686142043142574,"CenpA","magenta_ENSGALG00000037735","no"
2015,"brown4","ENSGALG00000047963",-0.010889761653148,"MECP2","brown4_ENSGALG00000047963","no"
2016,"magenta","ENSGALG00000047963",0.014951378419332,"MECP2","magenta_ENSGALG00000047963","no"
2017,"brown4","ENSGALG00000047517",0.00150640321061001,"ENSGALG00000047517","brown4_ENSGALG00000047517","no"
2018,"magenta","ENSGALG00000047517",-0.012898411699761,"ENSGALG00000047517","magenta_ENSGALG00000047517","no"
2019,"brown4","ENSGALG00000041630",0.373780817739597,"NFIX","brown4_ENSGALG00000041630","no"
2020,"magenta","ENSGALG00000041630",0.238636080800483,"NFIX","magenta_ENSGALG00000041630","no"
2021,"brown4","ENSGALG00000040258",0.0728235581809248,"FARSA","brown4_ENSGALG00000040258","no"
2022,"magenta","ENSGALG00000040258",0.143057207472293,"FARSA","magenta_ENSGALG00000040258","no"
2023,"brown4","ENSGALG00000039573",0.0240242743625619,"ENSGALG00000039573","brown4_ENSGALG00000039573","no"
2024,"magenta","ENSGALG00000039573",0.017334084986034,"ENSGALG00000039573","magenta_ENSGALG00000039573","no"
2025,"brown4","ENSGALG00000040811",-0.0073338204373716,"ENSGALG00000040811","brown4_ENSGALG00000040811","no"
2026,"magenta","ENSGALG00000040811",-0.00908292707340757,"ENSGALG00000040811","magenta_ENSGALG00000040811","no"
2027,"brown4","ENSGALG00000034076",-0.00361765600645012,"PBX4","brown4_ENSGALG00000034076","no"
2028,"magenta","ENSGALG00000034076",-0.0575373278945073,"PBX4","magenta_ENSGALG00000034076","no"
2029,"brown4","ENSGALG00000031824",0.0292142932479004,"ENSGALG00000031824","brown4_ENSGALG00000031824","no"
2030,"magenta","ENSGALG00000031824",0.0291707005933239,"ENSGALG00000031824","magenta_ENSGALG00000031824","no"
2031,"brown4","ENSGALG00000039336",0.0408558795557716,"OTX5","brown4_ENSGALG00000039336","no"
2032,"magenta","ENSGALG00000039336",-0.0246435481260618,"OTX5","magenta_ENSGALG00000039336","no"
2033,"brown4","ENSGALG00000041280",0.048805031833331,"FOSB","brown4_ENSGALG00000041280","no"
2034,"magenta","ENSGALG00000041280",0.0915123749216411,"FOSB","magenta_ENSGALG00000041280","no"
2035,"brown4","ENSGALG00000052546",0.0466748461317233,"HIF3A","brown4_ENSGALG00000052546","no"
2036,"magenta","ENSGALG00000052546",0.067746937453889,"HIF3A","magenta_ENSGALG00000052546","no"
2037,"brown4","ENSGALG00000049996",0.0613598953137731,"OVOL1","brown4_ENSGALG00000049996","no"
2038,"magenta","ENSGALG00000049996",-0.000569619199142704,"OVOL1","magenta_ENSGALG00000049996","no"
2039,"brown4","ENSGALG00000034527",0.0334756409686987,"ENSGALG00000034527","brown4_ENSGALG00000034527","no"
2040,"magenta","ENSGALG00000034527",0.0402019252298634,"ENSGALG00000034527","magenta_ENSGALG00000034527","no"
2041,"brown4","ENSGALG00000039605",-0.0149866321886456,NA,"brown4_ENSGALG00000039605","no"
2042,"magenta","ENSGALG00000039605",-0.0526122091083966,NA,"magenta_ENSGALG00000039605","no"
2043,"brown4","ENSGALG00000034810",0.00992076705239521,NA,"brown4_ENSGALG00000034810","no"
2044,"magenta","ENSGALG00000034810",0.00166835501834936,NA,"magenta_ENSGALG00000034810","no"
2045,"brown4","ENSGALG00000029530",-0.0386661523241754,NA,"brown4_ENSGALG00000029530","no"
2046,"magenta","ENSGALG00000029530",-0.0316809392071323,NA,"magenta_ENSGALG00000029530","no"
